일자,계(명),국내발생(명),해외유입(명),사망(명),0-9세,10-19세,20-29세,30-39세,40-49세,50-59세,60-69세,70-79세,80세이상,남성(명),여성(명),서울,부산,대구,인천,광주,대전,울산,세종,경기,강원,충북,충남,전북,전남,경북,경남,제주,검역
누적(명),"639,083 ","621,488 ","17,595 ","5,694 ","50,345 ","63,989 ","95,429 ","92,929 ","93,405 ","92,648 ","90,880 ","38,763 ","20,695 ","332,264 ","306,819 ","227,879 ","25,503 ","23,335 ","37,195 ","8,211 ","12,374 ","6,981 ","2,170 ","189,031 ","12,523 ","11,652 ","18,334 ","9,732 ","6,168 ","15,525 ","20,981 ","4,680 ","6,809 "
2020-01-20,1 ,-,1 ,-,-,-,-,1 ,-,-,-,-,-,-,1 ,-,-,-,1 ,-,-,-,-,-,-,-,-,-,-,-,-,-,-
2020-01-21,0 ,-,-,-,-,-,-,-,-,-,-,-,-,-,-,-,-,-,-,-,-,-,-,-,-,-,-,-,-,-,-,-,-
2020-01-22,0 ,-,-,-,-,-,-,-,-,-,-,-,-,-,-,-,-,-,-,-,-,-,-,-,-,-,-,-,-,-,-,-,-
2020-01-23,0 ,-,-,-,-,-,-,-,-,-,-,-,-,-,-,-,-,-,-,-,-,-,-,-,-,-,-,-,-,-,-,-,-
2020-01-24,1 ,-,1 ,-,-,-,-,-,-,1 ,-,-,-,1 ,-,1 ,-,-,-,-,-,-,-,-,-,-,-,-,-,-,-,-,-
2020-01-25,0 ,-,-,-,-,-,-,-,-,-,-,-,-,-,-,-,-,-,-,-,-,-,-,-,-,-,-,-,-,-,-,-,-
2020-01-26,1 ,-,1 ,-,-,-,-,-,-,1 ,-,-,-,1 ,-,-,-,-,-,-,-,-,-,1 ,-,-,-,-,-,-,-,-,-
2020-01-27,1 ,-,1 ,-,-,-,-,-,-,1 ,-,-,-,1 ,-,-,-,-,-,-,-,-,-,1 ,-,-,-,-,-,-,-,-,-
2020-01-28,0 ,-,-,-,-,-,-,-,-,-,-,-,-,-,-,-,-,-,-,-,-,-,-,-,-,-,-,-,-,-,-,-,-
2020-01-29,0 ,-,-,-,-,-,-,-,-,-,-,-,-,-,-,-,-,-,-,-,-,-,-,-,-,-,-,-,-,-,-,-,-
2020-01-30,3 ,1 ,2 ,-,-,-,1 ,1 ,-,1 ,-,-,-,3 ,-,3 ,-,-,-,-,-,-,-,-,-,-,-,-,-,-,-,-,-
2020-01-31,4 ,3 ,1 ,-,-,-,2 ,-,-,1 ,1 ,-,-,1 ,3 ,3 ,-,-,-,-,-,-,-,-,-,-,-,1 ,-,-,-,-,-
2020-02-01,1 ,-,1 ,-,-,-,-,-,1 ,-,-,-,-,1 ,-,-,-,-,-,-,-,-,-,1 ,-,-,-,-,-,-,-,-,-
2020-02-02,3 ,1 ,2 ,-,-,-,1 ,-,2 ,-,-,-,-,2 ,1 ,1 ,-,-,-,-,-,-,-,2 ,-,-,-,-,-,-,-,-,-
2020-02-03,0 ,-,-,-,-,-,-,-,-,-,-,-,-,-,-,-,-,-,-,-,-,-,-,-,-,-,-,-,-,-,-,-,-
2020-02-04,1 ,-,1 ,-,-,-,-,-,1 ,-,-,-,-,-,1 ,-,-,-,-,1 ,-,-,-,-,-,-,-,-,-,-,-,-,-
2020-02-05,5 ,3 ,2 ,-,-,-,1 ,2 ,1 ,1 ,-,-,-,2 ,3 ,2 ,-,-,-,1 ,-,-,-,2 ,-,-,-,-,-,-,-,-,-
2020-02-06,3 ,1 ,2 ,-,-,-,1 ,-,1 ,1 ,-,-,-,2 ,1 ,2 ,-,-,-,-,-,-,-,-,-,-,-,-,1 ,-,-,-,-
2020-02-07,0 ,-,-,-,-,-,-,-,-,-,-,-,-,-,-,-,-,-,-,-,-,-,-,-,-,-,-,-,-,-,-,-,-
2020-02-08,0 ,-,-,-,-,-,-,-,-,-,-,-,-,-,-,-,-,-,-,-,-,-,-,-,-,-,-,-,-,-,-,-,-
2020-02-09,3 ,1 ,2 ,-,-,-,-,1 ,-,1 ,-,1 ,-,1 ,2 ,-,-,-,-,-,-,-,-,3 ,-,-,-,-,-,-,-,-,-
2020-02-10,1 ,1 ,-,-,-,-,-,1 ,-,-,-,-,-,-,1 ,-,-,-,-,-,-,-,-,1 ,-,-,-,-,-,-,-,-,-
2020-02-11,0 ,-,-,-,-,-,-,-,-,-,-,-,-,-,-,-,-,-,-,-,-,-,-,-,-,-,-,-,-,-,-,-,-
2020-02-12,0 ,-,-,-,-,-,-,-,-,-,-,-,-,-,-,-,-,-,-,-,-,-,-,-,-,-,-,-,-,-,-,-,-
2020-02-13,0 ,-,-,-,-,-,-,-,-,-,-,-,-,-,-,-,-,-,-,-,-,-,-,-,-,-,-,-,-,-,-,-,-
2020-02-14,0 ,-,-,-,-,-,-,-,-,-,-,-,-,-,-,-,-,-,-,-,-,-,-,-,-,-,-,-,-,-,-,-,-
2020-02-15,0 ,-,-,-,-,-,-,-,-,-,-,-,-,-,-,-,-,-,-,-,-,-,-,-,-,-,-,-,-,-,-,-,-
2020-02-16,2 ,2 ,-,-,-,-,-,-,-,-,1 ,-,1 ,1 ,1 ,2 ,-,-,-,-,-,-,-,-,-,-,-,-,-,-,-,-,-
2020-02-17,0 ,-,-,-,-,-,-,-,-,-,-,-,-,-,-,-,-,-,-,-,-,-,-,-,-,-,-,-,-,-,-,-,-
2020-02-18,2 ,2 ,-,-,-,1 ,-,-,-,-,1 ,-,-,-,2 ,-,-,1 ,-,-,-,-,-,1 ,-,-,-,-,-,-,-,-,-
2020-02-19,34 ,34 ,-,-,-,-,8 ,3 ,4 ,11 ,4 ,4 ,-,13 ,21 ,2 ,-,27 ,-,-,-,-,-,-,-,-,-,-,-,5 ,-,-,-
2020-02-20,16 ,16 ,-,1,-,1 ,4 ,3 ,2 ,4 ,2 ,-,-,5 ,11 ,-,-,12 ,-,-,-,-,-,-,-,-,-,-,-,4 ,-,-,-
2020-02-21,74 ,74 ,-,-,-,1 ,16 ,7 ,17 ,16 ,10 ,6 ,1 ,34 ,40 ,5 ,-,44 ,-,1 ,-,-,-,1 ,-,1 ,1 ,1 ,-,17 ,2 ,1 ,-
2020-02-22,190 ,190 ,-,2,-,5 ,24 ,19 ,28 ,59 ,47 ,7 ,1 ,95 ,95 ,2 ,2 ,67 ,-,3 ,1 ,-,1 ,2 ,-,2 ,-,1 ,-,106 ,2 ,1 ,-
2020-02-23,210 ,209 ,1 ,-,1 ,4 ,53 ,21 ,37 ,51 ,30 ,10 ,3 ,69 ,141 ,3 ,7 ,136 ,1 ,1 ,1 ,1 ,-,8 ,6 ,-,-,-,-,39 ,7 ,-,-
2020-02-24,207 ,206 ,1 ,4,1 ,6 ,46 ,34 ,32 ,49 ,28 ,9 ,2 ,69 ,138 ,4 ,8 ,152 ,-,2 ,1 ,-,-,12 ,-,-,-,-,-,19 ,9 ,-,-
2020-02-25,130 ,129 ,1 ,1,-,6 ,38 ,19 ,20 ,26 ,17 ,3 ,1 ,43 ,87 ,7 ,18 ,54 ,-,-,-,1 ,-,5 ,-,-,-,-,-,44 ,1 ,-,-
2020-02-26,253 ,252 ,1 ,3,1 ,7 ,78 ,32 ,32 ,43 ,43 ,12 ,5 ,94 ,159 ,8 ,13 ,184 ,1 ,-,-,1 ,-,3 ,-,2 ,1 ,-,-,36 ,4 ,-,-
2020-02-27,449 ,447 ,2 ,1,6 ,20 ,167 ,49 ,59 ,80 ,42 ,21 ,5 ,176 ,273 ,10 ,8 ,340 ,-,-,5 ,3 ,-,12 ,-,2 ,5 ,-,-,53 ,11 ,-,-
2020-02-28,427 ,427 ,-,1,4 ,24 ,114 ,59 ,66 ,87 ,44 ,19 ,10 ,156 ,271 ,7 ,5 ,296 ,1 ,-,4 ,5 ,-,11 ,-,3 ,9 ,2 ,-,74 ,10 ,-,-
2020-02-29,909 ,909 ,-,3,6 ,24 ,302 ,108 ,134 ,149 ,120 ,41 ,25 ,324 ,585 ,12 ,14 ,742 ,2 ,-,1 ,6 ,-,10 ,1 ,-,32 ,-,1 ,75 ,13 ,-,-
2020-03-01,595 ,593 ,2 ,1,7 ,42 ,200 ,66 ,81 ,103 ,63 ,24 ,9 ,236 ,359 ,8 ,4 ,512 ,-,-,-,-,-,8 ,-,1 ,12 ,-,1 ,48 ,1 ,-,-
2020-03-02,686 ,684 ,2 ,6,5 ,29 ,181 ,82 ,113 ,146 ,82 ,33 ,15 ,262 ,424 ,9 ,6 ,517 ,1 ,-,1 ,3 ,-,8 ,12 ,-,17 ,1 ,1 ,108 ,2 ,-,-
2020-03-03,600 ,599 ,1 ,5,3 ,37 ,179 ,73 ,81 ,118 ,65 ,32 ,12 ,219 ,381 ,7 ,2 ,520 ,-,2 ,-,-,-,2 ,1 ,-,4 ,1 ,-,59 ,1 ,1 ,-
2020-03-04,516 ,516 ,-,4,-,29 ,158 ,53 ,79 ,100 ,47 ,35 ,15 ,186 ,330 ,-,3 ,398 ,1 ,2 ,1 ,3 ,-,9 ,1 ,-,1 ,-,-,95 ,2 ,-,-
2020-03-05,438 ,437 ,1 ,3,4 ,25 ,154 ,27 ,54 ,74 ,53 ,30 ,17 ,153 ,285 ,5 ,-,326 ,1 ,-,1 ,-,-,7 ,2 ,1 ,4 ,-,-,81 ,9 ,1 ,-
2020-03-06,518 ,518 ,-,7,7 ,35 ,148 ,33 ,43 ,89 ,65 ,54 ,44 ,197 ,321 ,2 ,3 ,367 ,-,-,2 ,-,-,10 ,2 ,3 ,4 ,-,-,122 ,3 ,-,-
2020-03-07,483 ,483 ,-,2,7 ,34 ,154 ,33 ,54 ,70 ,65 ,43 ,23 ,176 ,307 ,3 ,1 ,390 ,-,-,-,-,1 ,10 ,1 ,5 ,2 ,-,-,65 ,5 ,-,-
2020-03-08,367 ,366 ,1 ,6,6 ,33 ,103 ,32 ,34 ,64 ,48 ,26 ,21 ,172 ,195 ,12 ,1 ,297 ,-,-,-,1 ,1 ,11 ,1 ,4 ,6 ,-,-,32 ,1 ,-,-
2020-03-09,248 ,247 ,1 ,1,8 ,18 ,60 ,18 ,30 ,42 ,38 ,29 ,5 ,103 ,145 ,10 ,-,190 ,-,2 ,-,-,3 ,12 ,1 ,1 ,4 ,-,-,25 ,-,-,-
2020-03-10,131 ,131 ,-,3,1 ,12 ,21 ,11 ,25 ,26 ,13 ,16 ,6 ,53 ,78 ,11 ,-,92 ,4 ,-,-,-,2 ,10 ,-,-,2 ,-,-,10 ,-,-,-
2020-03-11,242 ,239 ,3 ,6,8 ,12 ,25 ,15 ,52 ,56 ,31 ,29 ,14 ,95 ,147 ,53 ,2 ,131 ,12 ,-,-,1 ,2 ,11 ,1 ,2 ,8 ,-,-,18 ,1 ,-,-
2020-03-12,114 ,112 ,2 ,6,1 ,7 ,21 ,8 ,18 ,25 ,12 ,14 ,8 ,47 ,67 ,19 ,2 ,72 ,-,-,2 ,-,5 ,3 ,-,-,2 ,-,-,8 ,1 ,-,-
2020-03-13,110 ,107 ,3 ,1,1 ,9 ,13 ,12 ,16 ,28 ,13 ,9 ,9 ,50 ,60 ,12 ,1 ,61 ,2 ,-,2 ,2 ,17 ,8 ,-,-,1 ,-,-,4 ,-,-,-
2020-03-14,107 ,102 ,5 ,5,4 ,3 ,15 ,10 ,16 ,27 ,15 ,9 ,8 ,57 ,50 ,13 ,3 ,62 ,1 ,-,-,-,6 ,15 ,-,1 ,-,-,-,6 ,-,-,-
2020-03-15,76 ,72 ,4 ,3,2 ,3 ,12 ,9 ,9 ,17 ,12 ,10 ,2 ,35 ,41 ,9 ,3 ,41 ,1 ,1 ,-,1 ,1 ,11 ,-,3 ,-,-,-,4 ,-,-,1
2020-03-16,74 ,70 ,4 ,-,2 ,5 ,13 ,7 ,6 ,17 ,12 ,5 ,7 ,33 ,41 ,6 ,1 ,35 ,1 ,-,-,-,1 ,20 ,-,-,-,-,-,7 ,-,-,3
2020-03-17,84 ,79 ,5 ,6,1 ,4 ,17 ,7 ,17 ,16 ,10 ,8 ,4 ,31 ,53 ,12 ,-,32 ,1 ,-,-,-,-,31 ,-,-,-,-,-,5 ,1 ,-,2
2020-03-18,93 ,80 ,13 ,3,1 ,2 ,12 ,17 ,7 ,14 ,25 ,3 ,12 ,40 ,53 ,5 ,-,46 ,1 ,1 ,-,2 ,1 ,15 ,1 ,1 ,3 ,2 ,1 ,9 ,-,-,5
2020-03-19,152 ,135 ,17 ,7,5 ,5 ,16 ,13 ,10 ,27 ,21 ,20 ,35 ,57 ,95 ,12 ,-,97 ,-,-,-,6 ,-,18 ,-,1 ,-,1 ,-,12 ,-,-,5
2020-03-20,87 ,73 ,14 ,3,6 ,8 ,7 ,7 ,12 ,14 ,19 ,6 ,8 ,33 ,54 ,17 ,1 ,34 ,4 ,1 ,-,-,-,14 ,-,-,1 ,-,-,13 ,1 ,-,1
2020-03-21,147 ,126 ,21 ,8,1 ,6 ,15 ,7 ,10 ,16 ,19 ,21 ,52 ,57 ,90 ,15 ,-,69 ,4 ,-,-,-,-,12 ,-,1 ,-,-,-,40 ,-,-,6
2020-03-22,98 ,77 ,21 ,2,2 ,3 ,16 ,9 ,19 ,19 ,13 ,6 ,11 ,43 ,55 ,10 ,-,43 ,-,1 ,2 ,-,-,16 ,-,1 ,1 ,-,1 ,11 ,1 ,-,11
2020-03-23,64 ,46 ,18 ,7,2 ,-,21 ,8 ,7 ,11 ,7 ,4 ,4 ,27 ,37 ,6 ,1 ,24 ,-,-,-,-,1 ,14 ,-,2 ,-,-,-,2 ,1 ,-,13
2020-03-24,76 ,46 ,30 ,9,3 ,7 ,22 ,3 ,6 ,14 ,7 ,9 ,5 ,40 ,36 ,4 ,2 ,31 ,1 ,-,-,-,-,15 ,-,1 ,-,-,-,1 ,1 ,-,20
2020-03-25,100 ,42 ,58 ,6,-,7 ,34 ,23 ,12 ,7 ,9 ,3 ,5 ,53 ,47 ,13 ,1 ,14 ,1 ,-,-,1 ,2 ,21 ,1 ,-,3 ,-,2 ,5 ,-,2 ,34
2020-03-26,104 ,56 ,48 ,5,1 ,13 ,35 ,12 ,6 ,14 ,8 ,5 ,10 ,48 ,56 ,13 ,-,26 ,1 ,-,6 ,-,-,14 ,-,1 ,1 ,-,-,12 ,-,-,30
2020-03-27,91 ,57 ,34 ,8,2 ,8 ,24 ,5 ,4 ,14 ,8 ,14 ,12 ,40 ,51 ,12 ,1 ,34 ,3 ,1 ,1 ,2 ,-,11 ,-,2 ,-,-,-,9 ,1 ,1 ,13
2020-03-28,146 ,90 ,56 ,5,1 ,5 ,34 ,19 ,22 ,28 ,31 ,2 ,4 ,98 ,48 ,18 ,1 ,71 ,5 ,-,-,-,-,21 ,1 ,-,2 ,-,-,2 ,-,1 ,24
2020-03-29,105 ,38 ,67 ,8,2 ,7 ,35 ,15 ,14 ,19 ,8 ,3 ,2 ,63 ,42 ,20 ,3 ,23 ,7 ,-,3 ,-,2 ,15 ,2 ,-,1 ,2 ,1 ,2 ,3 ,-,21
2020-03-30,78 ,35 ,43 ,6,1 ,5 ,28 ,9 ,5 ,14 ,8 ,5 ,3 ,35 ,43 ,16 ,1 ,14 ,-,-,-,-,-,15 ,2 ,3 ,-,1 ,-,11 ,1 ,1 ,13
2020-03-31,125 ,88 ,37 ,4,-,3 ,25 ,10 ,16 ,37 ,18 ,11 ,5 ,71 ,54 ,24 ,1 ,60 ,6 ,-,2 ,-,-,13 ,-,-,1 ,-,-,2 ,1 ,-,15
2020-04-01,101 ,56 ,45 ,3,3 ,4 ,28 ,14 ,11 ,14 ,10 ,7 ,10 ,41 ,60 ,24 ,3 ,20 ,5 ,4 ,-,-,-,22 ,2 ,-,3 ,1 ,3 ,2 ,4 ,-,8
2020-04-02,89 ,43 ,46 ,4,3 ,3 ,22 ,16 ,11 ,15 ,12 ,5 ,2 ,34 ,55 ,14 ,-,21 ,4 ,1 ,-,1 ,-,18 ,1 ,-,2 ,-,2 ,2 ,6 ,-,17
2020-04-03,86 ,37 ,49 ,5,2 ,6 ,30 ,9 ,13 ,9 ,9 ,5 ,3 ,34 ,52 ,18 ,-,9 ,1 ,1 ,-,-,-,23 ,2 ,1 ,1 ,1 ,1 ,5 ,1 ,-,22
2020-04-04,94 ,53 ,41 ,3,1 ,2 ,27 ,14 ,8 ,10 ,17 ,10 ,5 ,39 ,55 ,22 ,-,27 ,3 ,-,-,-,-,23 ,1 ,-,1 ,-,-,1 ,1 ,-,15
2020-04-05,81 ,31 ,50 ,6,2 ,5 ,28 ,17 ,12 ,6 ,7 ,3 ,1 ,46 ,35 ,24 ,-,7 ,2 ,1 ,1 ,-,-,10 ,3 ,-,-,1 ,-,4 ,1 ,3 ,24
2020-04-06,47 ,25 ,22 ,3,2 ,7 ,15 ,3 ,5 ,2 ,5 ,5 ,3 ,21 ,26 ,11 ,-,13 ,1 ,-,2 ,-,-,8 ,-,-,1 ,-,-,2 ,2 ,-,7
2020-04-07,47 ,23 ,24 ,6,-,2 ,15 ,6 ,7 ,3 ,10 ,3 ,1 ,18 ,29 ,4 ,1 ,13 ,-,-,-,-,-,10 ,2 ,-,1 ,-,-,1 ,1 ,-,14
2020-04-08,53 ,23 ,30 ,8,-,4 ,13 ,9 ,5 ,7 ,8 ,3 ,4 ,25 ,28 ,11 ,2 ,9 ,4 ,-,-,-,-,6 ,2 ,-,-,1 ,-,3 ,1 ,-,14
2020-04-09,39 ,13 ,26 ,4,2 ,4 ,12 ,7 ,7 ,1 ,3 ,-,3 ,22 ,17 ,12 ,-,4 ,-,-,-,-,-,10 ,-,-,1 ,-,-,-,2 ,-,10
2020-04-10,27 ,17 ,10 ,4,1 ,1 ,7 ,5 ,2 ,4 ,4 ,2 ,1 ,15 ,12 ,5 ,1 ,-,1 ,-,-,-,-,9 ,-,-,-,-,-,7 ,-,-,4
2020-04-11,30 ,16 ,14 ,3,1 ,5 ,6 ,2 ,2 ,6 ,7 ,-,1 ,15 ,15 ,4 ,-,7 ,-,-,-,1 ,-,9 ,-,-,-,-,-,3 ,-,-,6
2020-04-12,32 ,9 ,23 ,3,-,3 ,12 ,5 ,2 ,4 ,3 ,3 ,-,14 ,18 ,3 ,-,2 ,1 ,-,-,-,-,4 ,-,-,1 ,-,-,3 ,-,-,18
2020-04-13,25 ,10 ,15 ,3,2 ,1 ,9 ,3 ,1 ,2 ,5 ,1 ,1 ,14 ,11 ,8 ,-,3 ,1 ,-,-,-,-,3 ,-,-,-,-,-,4 ,-,-,6
2020-04-14,27 ,11 ,16 ,5,-,3 ,7 ,4 ,4 ,3 ,3 ,2 ,1 ,13 ,14 ,2 ,-,3 ,1 ,-,-,1 ,-,8 ,-,-,-,-,-,5 ,-,-,7
2020-04-15,27 ,13 ,14 ,3,-,4 ,10 ,4 ,3 ,2 ,1 ,2 ,1 ,10 ,17 ,5 ,1 ,1 ,-,1 ,-,-,-,6 ,2 ,-,-,-,-,6 ,-,1 ,4
2020-04-16,22 ,11 ,11 ,4,3 ,3 ,5 ,1 ,2 ,3 ,2 ,1 ,2 ,6 ,16 ,2 ,3 ,4 ,-,-,-,-,-,4 ,1 ,-,-,-,-,4 ,-,-,4
2020-04-17,22 ,7 ,15 ,1,1 ,4 ,9 ,3 ,1 ,2 ,1 ,1 ,-,14 ,8 ,2 ,-,-,1 ,2 ,-,-,-,1 ,-,-,-,-,-,4 ,1 ,-,11
2020-04-18,18 ,9 ,9 ,2,2 ,-,9 ,1 ,1 ,2 ,1 ,1 ,1 ,7 ,11 ,1 ,-,3 ,1 ,-,-,-,-,4 ,1 ,-,2 ,-,-,2 ,-,-,4
2020-04-19,8 ,2 ,6 ,2,-,2 ,3 ,1 ,-,1 ,-,-,1 ,4 ,4 ,2 ,-,2 ,1 ,-,-,-,-,-,-,-,-,-,-,1 ,-,-,2
2020-04-20,13 ,6 ,7 ,2,-,3 ,5 ,2 ,-,3 ,-,-,-,5 ,8 ,-,2 ,1 ,1 ,-,-,1 ,-,2 ,-,-,-,-,-,2 ,-,-,4
2020-04-21,9 ,4 ,5 ,1,-,2 ,1 ,-,1 ,3 ,-,1 ,1 ,6 ,3 ,2 ,-,2 ,-,-,-,-,-,2 ,-,-,-,-,-,-,-,-,3
2020-04-22,11 ,5 ,6 ,1,-,1 ,3 ,1 ,4 ,-,1 ,1 ,-,6 ,5 ,2 ,2 ,1 ,-,-,1 ,-,-,-,-,-,-,-,-,2 ,1 ,-,2
2020-04-23,8 ,4 ,4 ,2,-,1 ,2 ,1 ,1 ,1 ,-,1 ,1 ,4 ,4 ,-,1 ,4 ,-,-,-,-,-,1 ,-,-,-,-,-,-,-,-,2
2020-04-24,6 ,4 ,2 ,-,-,1 ,1 ,1 ,-,1 ,1 ,-,1 ,5 ,1 ,-,1 ,3 ,-,-,-,-,-,1 ,-,-,-,-,-,-,-,-,1
2020-04-25,10 ,5 ,5 ,-,1 ,1 ,3 ,1 ,2 ,-,2 ,-,-,4 ,6 ,1 ,-,2 ,-,-,-,-,-,2 ,-,-,-,-,-,1 ,-,-,4
2020-04-26,10 ,1 ,9 ,2,1 ,-,3 ,5 ,1 ,-,-,-,-,6 ,4 ,-,1 ,1 ,-,-,-,-,-,6 ,-,-,-,1 ,-,-,-,-,1
2020-04-27,10 ,3 ,7 ,1,-,2 ,3 ,4 ,1 ,-,-,-,-,4 ,6 ,-,-,1 ,-,-,-,-,-,3 ,-,-,1 ,-,-,-,-,-,5
2020-04-28,14 ,2 ,12 ,1,-,2 ,5 ,2 ,1 ,2 ,1 ,1 ,-,7 ,7 ,4 ,-,2 ,1 ,-,-,-,-,3 ,-,-,-,-,-,1 ,-,-,3
2020-04-29,9 ,4 ,5 ,2,-,-,3 ,2 ,3 ,1 ,-,-,-,4 ,5 ,-,-,3 ,-,-,-,-,-,2 ,-,-,1 ,-,-,-,-,-,3
2020-04-30,4 ,-,4 ,1,-,-,1 ,2 ,1 ,-,-,-,-,4 ,-,-,-,-,-,-,-,-,-,-,-,-,-,-,-,-,-,-,4
2020-05-01,9 ,1 ,8 ,1,-,-,5 ,1 ,2 ,-,-,-,1 ,4 ,5 ,1 ,-,-,1 ,-,-,-,-,2 ,-,-,-,-,-,1 ,-,-,4
2020-05-02,6 ,-,6 ,2,-,-,3 ,1 ,1 ,-,1 ,-,-,6 ,-,1 ,1 ,-,1 ,-,-,-,-,-,-,-,-,-,-,-,-,-,3
2020-05-03,13 ,3 ,10 ,-,-,1 ,2 ,3 ,2 ,-,2 ,1 ,2 ,7 ,6 ,2 ,-,4 ,-,-,-,-,-,2 ,-,-,-,-,-,-,-,-,5
2020-05-04,8 ,-,8 ,2,-,-,2 ,1 ,3 ,-,2 ,-,-,6 ,2 ,-,-,-,1 ,-,-,1 ,-,1 ,-,-,-,-,1 ,-,-,-,4
2020-05-05,3 ,-,3 ,2,-,-,-,1 ,1 ,1 ,-,-,-,2 ,1 ,-,-,-,1 ,-,-,-,-,-,-,-,-,-,-,-,-,-,2
2020-05-06,2 ,-,2 ,1,-,-,-,1 ,-,-,1 ,-,-,2 ,-,-,-,-,-,-,-,-,-,-,-,-,-,-,-,-,-,-,2
2020-05-07,4 ,1 ,3 ,1,-,1 ,2 ,1 ,-,-,-,-,-,3 ,1 ,-,-,-,-,-,1 ,-,-,1 ,-,1 ,-,-,-,-,-,-,1
2020-05-08,12 ,1 ,11 ,-,1 ,-,1 ,7 ,2 ,-,1 ,-,-,7 ,5 ,-,2 ,3 ,-,-,-,-,-,2 ,-,1 ,-,1 ,-,-,-,-,3
2020-05-09,18 ,17 ,1 ,-,-,2 ,12 ,3 ,-,1 ,-,-,-,17 ,1 ,12 ,1 ,-,1 ,-,-,-,-,4 ,-,-,-,-,-,-,-,-,-
2020-05-10,34 ,26 ,8 ,-,-,3 ,19 ,3 ,4 ,2 ,2 ,1 ,-,24 ,10 ,14 ,-,2 ,3 ,-,-,-,-,6 ,-,2 ,-,-,-,-,-,1 ,6
2020-05-11,35 ,29 ,6 ,-,-,1 ,21 ,8 ,4 ,-,1 ,-,-,31 ,4 ,21 ,-,-,3 ,-,-,-,1 ,3 ,1 ,3 ,-,-,-,-,-,-,3
2020-05-12,27 ,22 ,5 ,2,1 ,4 ,10 ,6 ,2 ,3 ,-,-,1 ,20 ,7 ,12 ,-,1 ,1 ,-,2 ,-,-,8 ,-,-,-,-,-,1 ,1 ,-,1
2020-05-13,26 ,22 ,4 ,1,1 ,1 ,13 ,5 ,2 ,1 ,1 ,1 ,1 ,18 ,8 ,11 ,3 ,3 ,2 ,-,-,1 ,-,3 ,-,-,-,1 ,-,-,1 ,-,1
2020-05-14,29 ,26 ,3 ,1,-,11 ,14 ,3 ,1 ,-,-,-,-,17 ,12 ,4 ,-,-,12 ,-,-,-,-,6 ,1 ,3 ,1 ,-,1 ,1 ,-,-,-
2020-05-15,27 ,22 ,5 ,-,2 ,3 ,11 ,4 ,2 ,1 ,2 ,2 ,-,17 ,10 ,14 ,-,3 ,5 ,-,-,-,-,3 ,-,-,-,-,1 ,-,-,-,1
2020-05-16,19 ,9 ,10 ,2,2 ,2 ,7 ,3 ,1 ,1 ,3 ,-,-,11 ,8 ,5 ,-,1 ,-,-,-,-,-,4 ,-,1 ,-,-,-,-,-,-,8
2020-05-17,13 ,6 ,7 ,-,-,1 ,5 ,2 ,3 ,1 ,-,1 ,-,5 ,8 ,5 ,-,1 ,-,-,1 ,-,-,-,-,-,-,-,-,-,2 ,-,4
2020-05-18,15 ,5 ,10 ,1,-,1 ,3 ,4 ,5 ,1 ,1 ,-,-,11 ,4 ,1 ,-,1 ,-,-,-,-,-,3 ,-,3 ,-,-,-,-,-,-,7
2020-05-19,13 ,9 ,4 ,-,1 ,-,5 ,-,-,3 ,3 ,1 ,-,10 ,3 ,6 ,-,-,2 ,-,-,4 ,-,1 ,-,-,-,-,-,-,-,-,-
2020-05-20,32 ,24 ,8 ,-,-,7 ,12 ,4 ,6 ,1 ,1 ,1 ,-,23 ,9 ,10 ,-,1 ,8 ,-,-,-,-,10 ,-,-,-,1 ,-,-,-,-,2
2020-05-21,12 ,10 ,2 ,1,-,4 ,3 ,2 ,3 ,-,-,-,-,9 ,3 ,4 ,-,-,6 ,-,-,-,-,-,-,-,1 ,-,-,-,-,-,1
2020-05-22,20 ,11 ,9 ,-,1 ,2 ,8 ,4 ,2 ,2 ,-,1 ,-,15 ,5 ,2 ,-,-,1 ,-,-,1 ,-,6 ,-,-,-,-,-,2 ,1 ,-,7
2020-05-23,23 ,19 ,4 ,2,-,1 ,2 ,6 ,1 ,9 ,3 ,-,1 ,12 ,11 ,4 ,-,1 ,-,-,1 ,-,-,13 ,-,-,-,-,-,-,1 ,-,3
2020-05-24,25 ,17 ,8 ,-,-,2 ,4 ,4 ,7 ,4 ,3 ,1 ,-,15 ,10 ,6 ,-,-,2 ,-,-,-,-,6 ,1 ,-,-,-,-,6 ,-,-,4
2020-05-25,16 ,13 ,3 ,1,-,1 ,3 ,3 ,2 ,5 ,2 ,-,-,8 ,8 ,6 ,-,1 ,1 ,-,-,-,-,6 ,-,-,-,-,-,1 ,-,-,1
2020-05-26,19 ,16 ,3 ,2,1 ,1 ,3 ,4 ,3 ,4 ,1 ,2 ,-,13 ,6 ,9 ,-,1 ,3 ,-,-,-,-,2 ,-,1 ,-,-,-,1 ,-,-,2
2020-05-27,40 ,37 ,3 ,-,3 ,2 ,8 ,6 ,3 ,6 ,8 ,3 ,1 ,16 ,24 ,19 ,-,3 ,11 ,-,-,-,-,6 ,-,-,-,-,-,-,-,-,1
2020-05-28,79 ,68 ,11 ,-,2 ,4 ,15 ,26 ,14 ,12 ,6 ,-,-,48 ,31 ,24 ,1 ,2 ,22 ,-,-,-,-,21 ,-,-,1 ,-,-,1 ,-,-,7
2020-05-29,58 ,55 ,3 ,-,1 ,6 ,12 ,9 ,10 ,9 ,8 ,-,3 ,31 ,27 ,20 ,-,-,18 ,-,-,-,-,20 ,-,-,-,-,-,-,-,-,-
2020-05-30,39 ,27 ,12 ,-,1 ,5 ,9 ,2 ,4 ,10 ,4 ,1 ,3 ,21 ,18 ,9 ,1 ,2 ,5 ,2 ,-,-,-,13 ,1 ,-,-,-,1 ,-,-,-,5
2020-05-31,27 ,15 ,12 ,1,-,-,9 ,7 ,4 ,6 ,1 ,-,-,15 ,12 ,6 ,1 ,1 ,3 ,-,1 ,2 ,-,12 ,-,-,-,-,-,-,-,1 ,-
2020-06-01,35 ,30 ,5 ,1,1 ,2 ,2 ,4 ,6 ,13 ,5 ,2 ,-,12 ,23 ,1 ,-,1 ,18 ,-,-,-,-,12 ,-,-,-,-,1 ,-,-,-,2
2020-06-02,38 ,36 ,2 ,1,-,2 ,5 ,3 ,2 ,9 ,11 ,5 ,1 ,23 ,15 ,14 ,-,-,9 ,-,-,-,-,14 ,-,-,-,-,-,-,-,-,1
2020-06-03,49 ,46 ,3 ,1,1 ,2 ,5 ,6 ,5 ,9 ,15 ,6 ,-,23 ,26 ,19 ,-,1 ,16 ,-,-,-,-,13 ,-,-,-,-,-,-,-,-,-
2020-06-04,39 ,33 ,6 ,-,1 ,1 ,5 ,3 ,2 ,10 ,9 ,6 ,2 ,19 ,20 ,14 ,-,-,7 ,-,-,-,-,15 ,-,-,-,-,-,1 ,-,-,2
2020-06-05,39 ,34 ,5 ,-,1 ,1 ,5 ,2 ,4 ,6 ,10 ,7 ,3 ,21 ,18 ,15 ,-,1 ,6 ,-,-,-,-,13 ,-,-,1 ,-,-,2 ,-,-,1
2020-06-06,51 ,43 ,8 ,-,3 ,1 ,2 ,6 ,11 ,8 ,9 ,8 ,3 ,27 ,24 ,23 ,-,-,11 ,-,-,-,-,8 ,1 ,-,1 ,-,-,1 ,1 ,-,5
2020-06-07,57 ,53 ,4 ,-,1 ,6 ,3 ,6 ,8 ,11 ,12 ,8 ,2 ,30 ,27 ,27 ,-,1 ,6 ,-,-,1 ,-,19 ,-,1 ,-,-,-,-,-,-,2
2020-06-08,37 ,32 ,5 ,-,1 ,1 ,5 ,2 ,5 ,6 ,11 ,3 ,3 ,12 ,25 ,21 ,-,1 ,4 ,-,-,-,-,8 ,-,-,-,-,-,-,-,-,3
2020-06-09,38 ,35 ,3 ,1,-,-,3 ,2 ,4 ,10 ,9 ,5 ,5 ,18 ,20 ,19 ,-,-,3 ,-,-,-,-,13 ,-,-,2 ,-,-,-,1 ,-,-
2020-06-10,50 ,43 ,7 ,2,1 ,2 ,6 ,9 ,1 ,7 ,16 ,7 ,1 ,22 ,28 ,12 ,-,-,8 ,-,-,-,-,21 ,1 ,-,-,-,-,-,2 ,-,6
2020-06-11,45 ,40 ,5 ,-,1 ,3 ,6 ,10 ,4 ,10 ,5 ,5 ,1 ,28 ,17 ,21 ,-,-,6 ,-,-,-,-,16 ,-,-,-,-,-,-,-,-,2
2020-06-12,56 ,43 ,13 ,1,-,3 ,11 ,8 ,2 ,16 ,13 ,2 ,1 ,31 ,25 ,25 ,-,1 ,1 ,-,-,-,-,19 ,-,-,-,-,-,-,-,-,10
2020-06-13,48 ,43 ,5 ,-,-,2 ,9 ,1 ,3 ,9 ,8 ,6 ,10 ,19 ,29 ,29 ,-,3 ,1 ,-,-,-,-,14 ,-,-,-,-,-,-,-,-,1
2020-06-14,34 ,31 ,3 ,-,-,-,8 ,3 ,6 ,7 ,8 ,1 ,1 ,16 ,18 ,12 ,-,2 ,8 ,-,-,-,-,10 ,1 ,-,-,-,-,-,-,-,1
2020-06-15,37 ,24 ,13 ,-,2 ,-,5 ,5 ,11 ,6 ,4 ,3 ,1 ,20 ,17 ,7 ,-,-,8 ,-,-,-,-,10 ,-,-,2 ,-,-,-,3 ,-,7
2020-06-16,34 ,21 ,13 ,1,2 ,1 ,3 ,4 ,4 ,6 ,8 ,6 ,-,22 ,12 ,12 ,1 ,-,2 ,-,3 ,-,-,5 ,-,-,-,-,-,-,2 ,-,9
2020-06-17,43 ,31 ,12 ,1,2 ,1 ,8 ,14 ,2 ,7 ,3 ,5 ,1 ,18 ,25 ,13 ,-,1 ,2 ,-,5 ,-,-,13 ,-,-,1 ,-,-,-,-,1 ,7
2020-06-18,59 ,51 ,8 ,1,1 ,1 ,10 ,4 ,6 ,9 ,13 ,7 ,8 ,25 ,34 ,25 ,-,1 ,1 ,-,7 ,-,1 ,16 ,-,-,3 ,1 ,-,-,-,-,4
2020-06-19,49 ,32 ,17 ,-,-,2 ,8 ,9 ,3 ,12 ,11 ,3 ,1 ,25 ,24 ,18 ,-,-,-,-,6 ,-,-,11 ,-,-,-,-,-,-,-,3 ,11
2020-06-20,67 ,36 ,31 ,-,2 ,4 ,9 ,13 ,8 ,12 ,13 ,3 ,3 ,39 ,28 ,14 ,2 ,2 ,5 ,-,5 ,-,-,17 ,-,-,2 ,1 ,-,1 ,-,-,18
2020-06-21,48 ,40 ,8 ,-,-,1 ,5 ,10 ,5 ,8 ,10 ,6 ,3 ,25 ,23 ,17 ,-,1 ,-,1 ,10 ,-,1 ,10 ,2 ,-,1 ,-,-,-,1 ,-,4
2020-06-22,17 ,11 ,6 ,-,-,1 ,3 ,4 ,1 ,5 ,2 ,1 ,-,9 ,8 ,5 ,-,1 ,1 ,-,-,-,-,6 ,-,-,2 ,1 ,-,1 ,-,-,-
2020-06-23,46 ,16 ,30 ,1,3 ,-,5 ,9 ,9 ,8 ,7 ,4 ,1 ,35 ,11 ,6 ,-,1 ,1 ,-,4 ,-,-,7 ,-,1 ,-,-,-,-,-,-,26
2020-06-24,51 ,30 ,21 ,-,2 ,1 ,3 ,14 ,12 ,10 ,5 ,2 ,2 ,31 ,20 ,11 ,2 ,2 ,3 ,-,8 ,2 ,-,7 ,1 ,-,1 ,1 ,-,1 ,-,-,12
2020-06-25,28 ,23 ,5 ,1,1 ,2 ,1 ,9 ,2 ,6 ,5 ,2 ,-,16 ,12 ,9 ,-,-,1 ,-,4 ,-,-,9 ,-,-,1 ,-,-,-,-,-,4
2020-06-26,39 ,26 ,13 ,-,1 ,1 ,8 ,10 ,5 ,5 ,6 ,1 ,2 ,23 ,16 ,17 ,-,-,2 ,-,4 ,-,-,4 ,1 ,-,3 ,-,-,1 ,-,-,7
2020-06-27,51 ,31 ,20 ,-,1 ,2 ,14 ,10 ,6 ,5 ,7 ,4 ,2 ,28 ,23 ,17 ,-,1 ,1 ,-,2 ,-,-,17 ,-,1 ,-,1 ,-,-,-,-,11
2020-06-28,62 ,40 ,22 ,-,2 ,3 ,12 ,13 ,9 ,6 ,13 ,3 ,1 ,38 ,24 ,14 ,-,-,-,4 ,6 ,-,-,17 ,-,1 ,1 ,-,3 ,-,-,-,16
2020-06-29,42 ,30 ,12 ,-,3 ,1 ,9 ,5 ,6 ,5 ,12 ,1 ,-,20 ,22 ,7 ,1 ,2 ,1 ,4 ,2 ,-,-,16 ,-,-,-,1 ,1 ,1 ,1 ,-,5
2020-06-30,42 ,22 ,20 ,-,2 ,4 ,10 ,6 ,8 ,6 ,3 ,3 ,-,25 ,17 ,7 ,1 ,-,3 ,3 ,5 ,-,1 ,7 ,1 ,-,-,-,-,1 ,-,-,13
2020-07-01,51 ,36 ,15 ,-,-,2 ,4 ,12 ,2 ,17 ,6 ,7 ,1 ,29 ,22 ,9 ,-,1 ,2 ,12 ,4 ,-,-,16 ,-,-,1 ,-,1 ,-,-,-,5
2020-07-02,54 ,44 ,10 ,-,2 ,2 ,8 ,6 ,2 ,14 ,12 ,7 ,1 ,31 ,23 ,13 ,-,3 ,-,22 ,1 ,-,-,10 ,-,-,3 ,-,-,-,-,-,2
2020-07-03,61 ,49 ,12 ,-,1 ,10 ,10 ,10 ,6 ,7 ,10 ,4 ,3 ,31 ,30 ,12 ,-,11 ,1 ,6 ,4 ,-,-,18 ,-,-,1 ,1 ,-,1 ,2 ,-,4
2020-07-04,63 ,36 ,27 ,1,3 ,2 ,12 ,16 ,8 ,8 ,9 ,2 ,3 ,38 ,25 ,7 ,1 ,1 ,2 ,8 ,3 ,-,-,19 ,-,2 ,-,-,-,1 ,1 ,-,18
2020-07-05,61 ,43 ,18 ,-,3 ,3 ,8 ,9 ,11 ,7 ,14 ,6 ,-,31 ,30 ,16 ,-,-,-,16 ,8 ,-,-,8 ,1 ,-,-,1 ,-,1 ,-,1 ,9
2020-07-06,48 ,24 ,24 ,1,5 ,1 ,8 ,9 ,6 ,9 ,5 ,2 ,3 ,26 ,22 ,3 ,1 ,2 ,6 ,7 ,2 ,-,-,6 ,1 ,-,1 ,-,2 ,1 ,1 ,-,15
2020-07-07,44 ,20 ,24 ,1,1 ,2 ,11 ,7 ,7 ,7 ,7 ,2 ,-,22 ,22 ,3 ,-,1 ,2 ,6 ,2 ,-,-,13 ,-,-,-,1 ,-,-,-,-,16
2020-07-08,62 ,30 ,32 ,-,1 ,3 ,11 ,11 ,15 ,9 ,5 ,6 ,1 ,35 ,27 ,10 ,-,1 ,1 ,8 ,2 ,-,-,18 ,-,-,6 ,2 ,1 ,-,2 ,-,11
2020-07-09,50 ,28 ,22 ,2,2 ,4 ,11 ,7 ,11 ,10 ,3 ,1 ,1 ,28 ,22 ,8 ,-,-,3 ,15 ,6 ,-,-,8 ,-,-,1 ,1 ,1 ,-,2 ,-,5
2020-07-10,45 ,23 ,22 ,1,3 ,3 ,10 ,9 ,5 ,8 ,3 ,3 ,1 ,36 ,9 ,8 ,-,-,1 ,3 ,7 ,-,-,14 ,-,2 ,-,-,3 ,-,3 ,-,4
2020-07-11,35 ,20 ,15 ,-,1 ,-,8 ,6 ,2 ,8 ,2 ,4 ,4 ,22 ,13 ,8 ,-,-,1 ,9 ,2 ,-,-,4 ,-,-,1 ,2 ,-,-,-,-,8
2020-07-12,44 ,21 ,23 ,1,2 ,6 ,4 ,13 ,5 ,3 ,9 ,1 ,1 ,32 ,12 ,7 ,-,-,-,5 ,1 ,-,-,17 ,-,-,-,1 ,-,-,1 ,-,12
2020-07-13,62 ,19 ,43 ,-,3 ,4 ,18 ,15 ,9 ,4 ,5 ,3 ,1 ,39 ,23 ,13 ,-,1 ,3 ,7 ,-,-,-,11 ,2 ,1 ,4 ,-,-,-,2 ,-,18
2020-07-14,33 ,14 ,19 ,-,2 ,2 ,6 ,5 ,3 ,6 ,4 ,4 ,1 ,16 ,17 ,7 ,-,-,-,1 ,1 ,-,-,9 ,-,1 ,-,2 ,-,-,-,-,12
2020-07-15,39 ,11 ,28 ,-,1 ,1 ,4 ,8 ,9 ,9 ,7 ,-,-,33 ,6 ,6 ,-,-,1 ,1 ,3 ,-,-,5 ,-,-,-,-,-,-,-,-,23
2020-07-16,61 ,14 ,47 ,2,6 ,2 ,13 ,15 ,9 ,6 ,6 ,3 ,1 ,47 ,14 ,7 ,-,2 ,3 ,1 ,1 ,1 ,-,21 ,3 ,1 ,-,-,-,-,1 ,-,20
2020-07-17,60 ,21 ,39 ,2,3 ,1 ,9 ,14 ,14 ,8 ,6 ,3 ,2 ,35 ,25 ,9 ,-,-,-,5 ,1 ,-,-,15 ,-,-,-,-,-,-,2 ,3 ,25
2020-07-18,39 ,11 ,28 ,1,3 ,4 ,10 ,5 ,9 ,7 ,-,1 ,-,23 ,16 ,6 ,1 ,3 ,2 ,-,-,1 ,-,10 ,-,-,-,-,1 ,-,2 ,1 ,12
2020-07-19,34 ,21 ,13 ,1,3 ,2 ,4 ,9 ,3 ,4 ,6 ,2 ,1 ,21 ,13 ,10 ,-,-,1 ,10 ,1 ,-,-,4 ,-,-,-,-,-,-,-,1 ,7
2020-07-20,26 ,4 ,22 ,1,2 ,2 ,8 ,6 ,4 ,2 ,1 ,-,1 ,19 ,7 ,3 ,-,2 ,2 ,1 ,-,-,-,1 ,-,-,1 ,1 ,2 ,1 ,2 ,-,10
2020-07-21,45 ,20 ,25 ,-,1 ,1 ,12 ,8 ,3 ,5 ,3 ,8 ,4 ,25 ,20 ,21 ,-,2 ,-,-,-,-,-,2 ,-,-,-,-,-,1 ,-,1 ,18
2020-07-22,63 ,29 ,34 ,1,-,7 ,8 ,8 ,10 ,9 ,11 ,6 ,4 ,39 ,24 ,16 ,-,1 ,5 ,4 ,-,-,-,15 ,-,1 ,1 ,-,-,-,1 ,-,19
2020-07-23,59 ,39 ,20 ,-,-,4 ,19 ,3 ,8 ,12 ,9 ,4 ,-,38 ,21 ,12 ,2 ,-,3 ,9 ,-,-,-,28 ,-,-,-,-,-,-,-,-,5
2020-07-24,41 ,28 ,13 ,1,1 ,1 ,3 ,5 ,6 ,8 ,11 ,4 ,2 ,23 ,18 ,21 ,2 ,2 ,-,2 ,-,-,-,8 ,-,-,-,-,-,1 ,2 ,-,3
2020-07-25,113 ,27 ,86 ,-,1 ,1 ,13 ,38 ,34 ,14 ,8 ,2 ,2 ,96 ,17 ,11 ,5 ,-,-,-,-,1 ,-,14 ,-,-,-,-,1 ,-,-,-,81
2020-07-26,58 ,12 ,46 ,-,-,-,4 ,13 ,15 ,18 ,5 ,1 ,2 ,49 ,9 ,7 ,1 ,-,-,1 ,-,-,-,7 ,-,-,-,-,-,-,-,-,42
2020-07-27,25 ,9 ,16 ,1,1 ,1 ,5 ,8 ,3 ,-,2 ,4 ,1 ,13 ,12 ,9 ,1 ,-,-,-,-,-,-,6 ,-,1 ,1 ,-,-,-,-,-,7
2020-07-28,28 ,5 ,23 ,1,2 ,2 ,4 ,4 ,7 ,5 ,3 ,1 ,-,22 ,6 ,6 ,2 ,-,-,-,-,-,-,6 ,-,-,1 ,-,2 ,1 ,-,-,10
2020-07-29,48 ,14 ,34 ,-,-,1 ,6 ,16 ,11 ,5 ,4 ,5 ,-,32 ,16 ,9 ,1 ,-,3 ,1 ,-,1 ,-,11 ,-,-,-,-,-,1 ,-,-,21
2020-07-30,18 ,7 ,11 ,-,-,-,2 ,6 ,4 ,-,6 ,-,-,13 ,5 ,3 ,-,-,-,-,-,-,-,5 ,-,-,-,-,-,1 ,1 ,-,8
2020-07-31,36 ,14 ,22 ,1,1 ,-,5 ,13 ,8 ,4 ,3 ,1 ,1 ,24 ,12 ,8 ,-,1 ,-,-,-,-,-,10 ,2 ,-,1 ,-,-,2 ,-,-,12
2020-08-01,31 ,8 ,23 ,-,1 ,-,-,10 ,6 ,8 ,5 ,1 ,-,23 ,8 ,2 ,1 ,-,1 ,-,-,-,-,7 ,-,-,-,-,-,1 ,-,-,19
2020-08-02,30 ,8 ,22 ,-,2 ,-,5 ,7 ,8 ,4 ,2 ,1 ,1 ,21 ,9 ,5 ,1 ,2 ,-,1 ,-,-,-,3 ,-,-,-,-,-,1 ,-,-,17
2020-08-03,23 ,3 ,20 ,-,2 ,3 ,4 ,2 ,2 ,5 ,4 ,1 ,-,15 ,8 ,5 ,-,-,-,-,-,-,-,1 ,-,-,-,-,-,1 ,2 ,-,14
2020-08-04,34 ,13 ,21 ,-,4 ,5 ,6 ,5 ,6 ,4 ,2 ,-,2 ,23 ,11 ,9 ,1 ,-,1 ,2 ,-,-,-,11 ,-,1 ,-,-,1 ,1 ,-,-,7
2020-08-05,33 ,13 ,20 ,1,1 ,3 ,6 ,7 ,4 ,6 ,5 ,1 ,-,23 ,10 ,6 ,-,1 ,1 ,1 ,-,-,-,7 ,1 ,6 ,-,-,-,-,4 ,-,6
2020-08-06,43 ,23 ,20 ,-,-,4 ,13 ,3 ,3 ,8 ,9 ,3 ,-,34 ,9 ,9 ,3 ,-,-,-,-,-,-,13 ,2 ,1 ,2 ,-,2 ,4 ,1 ,-,6
2020-08-07,20 ,9 ,11 ,1,-,4 ,3 ,1 ,5 ,2 ,5 ,-,-,12 ,8 ,9 ,-,-,-,-,-,-,-,5 ,-,-,-,-,-,1 ,-,-,5
2020-08-08,43 ,30 ,13 ,1,1 ,1 ,7 ,4 ,4 ,10 ,13 ,3 ,-,23 ,20 ,17 ,-,1 ,2 ,-,-,-,-,18 ,-,-,-,-,-,-,-,-,5
2020-08-09,36 ,30 ,6 ,1,4 ,1 ,7 ,5 ,3 ,7 ,7 ,-,2 ,17 ,19 ,13 ,-,1 ,1 ,2 ,-,1 ,-,15 ,-,1 ,1 ,-,-,-,-,-,1
2020-08-10,28 ,17 ,11 ,-,-,-,4 ,3 ,3 ,4 ,13 ,1 ,-,14 ,14 ,13 ,1 ,-,-,-,-,-,-,6 ,-,-,-,-,1 ,1 ,-,-,6
2020-08-11,34 ,23 ,11 ,-,-,-,6 ,5 ,4 ,9 ,7 ,3 ,-,20 ,14 ,6 ,9 ,-,-,-,-,-,-,13 ,-,-,2 ,1 ,-,-,-,-,3
2020-08-12,54 ,35 ,19 ,-,1 ,7 ,4 ,11 ,12 ,12 ,2 ,3 ,2 ,34 ,20 ,15 ,4 ,-,-,6 ,1 ,-,-,19 ,-,-,1 ,-,-,-,-,-,8
2020-08-13,56 ,47 ,9 ,-,2 ,6 ,11 ,12 ,5 ,10 ,6 ,2 ,2 ,31 ,25 ,26 ,2 ,1 ,-,2 ,-,1 ,-,17 ,-,-,1 ,2 ,-,-,1 ,-,3
2020-08-14,103 ,85 ,18 ,-,4 ,10 ,14 ,17 ,16 ,19 ,15 ,6 ,2 ,51 ,52 ,32 ,5 ,-,4 ,2 ,-,1 ,-,47 ,1 ,-,3 ,-,-,1 ,-,-,7
2020-08-15,166 ,154 ,12 ,-,4 ,10 ,32 ,20 ,24 ,33 ,29 ,11 ,3 ,70 ,96 ,74 ,3 ,-,6 ,1 ,1 ,-,-,72 ,3 ,-,2 ,1 ,-,-,1 ,-,2
2020-08-16,279 ,267 ,12 ,-,3 ,23 ,39 ,28 ,35 ,58 ,56 ,31 ,6 ,102 ,177 ,146 ,7 ,1 ,9 ,7 ,-,3 ,-,98 ,-,1 ,5 ,-,-,-,2 ,-,-
2020-08-17,197 ,188 ,9 ,-,5 ,13 ,22 ,27 ,23 ,37 ,49 ,14 ,7 ,75 ,122 ,90 ,7 ,1 ,7 ,7 ,2 ,-,-,70 ,1 ,3 ,4 ,1 ,-,2 ,-,-,2
2020-08-18,246 ,235 ,11 ,1,5 ,18 ,17 ,27 ,27 ,62 ,66 ,22 ,2 ,90 ,156 ,132 ,7 ,6 ,18 ,4 ,-,3 ,-,52 ,2 ,1 ,5 ,7 ,-,3 ,-,-,6
2020-08-19,297 ,283 ,14 ,-,14 ,17 ,28 ,32 ,39 ,58 ,73 ,29 ,7 ,108 ,189 ,151 ,9 ,2 ,8 ,6 ,-,-,2 ,99 ,6 ,2 ,3 ,1 ,2 ,3 ,1 ,-,2
2020-08-20,288 ,276 ,12 ,1,12 ,35 ,31 ,35 ,32 ,55 ,47 ,30 ,11 ,134 ,154 ,135 ,15 ,3 ,10 ,1 ,8 ,-,1 ,85 ,5 ,1 ,5 ,6 ,3 ,5 ,3 ,-,2
2020-08-21,324 ,315 ,9 ,2,6 ,19 ,42 ,40 ,42 ,61 ,74 ,34 ,6 ,148 ,176 ,126 ,8 ,4 ,18 ,5 ,7 ,1 ,3 ,103 ,9 ,3 ,13 ,5 ,6 ,6 ,4 ,-,3
2020-08-22,332 ,315 ,17 ,-,11 ,19 ,55 ,40 ,48 ,66 ,56 ,34 ,3 ,145 ,187 ,129 ,3 ,9 ,21 ,11 ,5 ,3 ,1 ,95 ,16 ,2 ,7 ,4 ,7 ,4 ,9 ,2 ,4
2020-08-23,396 ,386 ,10 ,-,16 ,35 ,34 ,40 ,62 ,82 ,86 ,27 ,14 ,157 ,239 ,140 ,2 ,6 ,32 ,17 ,15 ,3 ,-,124 ,15 ,3 ,10 ,-,14 ,2 ,9 ,-,4
2020-08-24,266 ,258 ,8 ,-,9 ,13 ,30 ,35 ,39 ,48 ,52 ,24 ,16 ,118 ,148 ,97 ,3 ,-,20 ,1 ,10 ,1 ,3 ,85 ,6 ,10 ,8 ,4 ,7 ,6 ,1 ,-,4
2020-08-25,280 ,264 ,16 ,1,15 ,18 ,42 ,30 ,33 ,53 ,50 ,30 ,9 ,137 ,143 ,135 ,3 ,5 ,14 ,4 ,11 ,-,3 ,72 ,8 ,2 ,9 ,4 ,1 ,1 ,2 ,3 ,3
2020-08-26,320 ,307 ,13 ,2,13 ,13 ,37 ,47 ,42 ,60 ,57 ,34 ,17 ,145 ,175 ,111 ,4 ,3 ,27 ,7 ,7 ,2 ,-,99 ,18 ,-,12 ,7 ,13 ,-,5 ,2 ,3
2020-08-27,441 ,434 ,7 ,1,9 ,27 ,51 ,49 ,71 ,109 ,65 ,41 ,19 ,207 ,234 ,154 ,8 ,13 ,59 ,39 ,3 ,2 ,-,102 ,14 ,1 ,15 ,2 ,13 ,4 ,8 ,1 ,3
2020-08-28,371 ,359 ,12 ,3,16 ,18 ,32 ,49 ,52 ,71 ,65 ,48 ,20 ,175 ,196 ,146 ,8 ,8 ,27 ,17 ,3 ,1 ,2 ,113 ,3 ,5 ,9 ,2 ,12 ,1 ,4 ,2 ,8
2020-08-29,323 ,308 ,15 ,5,16 ,18 ,31 ,36 ,47 ,54 ,67 ,36 ,18 ,141 ,182 ,125 ,6 ,6 ,20 ,16 ,4 ,-,-,104 ,-,6 ,8 ,-,9 ,1 ,12 ,1 ,5
2020-08-30,299 ,283 ,16 ,2,10 ,12 ,44 ,39 ,38 ,55 ,72 ,21 ,8 ,154 ,145 ,116 ,6 ,30 ,13 ,2 ,6 ,3 ,1 ,80 ,2 ,5 ,8 ,-,8 ,3 ,7 ,2 ,7
2020-08-31,248 ,238 ,10 ,1,10 ,11 ,43 ,15 ,28 ,49 ,55 ,26 ,11 ,114 ,134 ,94 ,4 ,4 ,14 ,9 ,7 ,5 ,1 ,79 ,3 ,1 ,9 ,1 ,5 ,2 ,1 ,6 ,3
2020-09-01,235 ,221 ,14 ,-,14 ,17 ,25 ,24 ,24 ,46 ,45 ,30 ,10 ,114 ,121 ,94 ,3 ,2 ,22 ,4 ,8 ,6 ,-,63 ,4 ,1 ,7 ,-,4 ,9 ,3 ,1 ,4
2020-09-02,267 ,253 ,14 ,2,10 ,12 ,43 ,25 ,24 ,48 ,51 ,40 ,14 ,133 ,134 ,101 ,7 ,13 ,11 ,10 ,14 ,5 ,-,84 ,2 ,1 ,7 ,-,3 ,4 ,1 ,1 ,3
2020-09-03,195 ,188 ,7 ,3,7 ,7 ,22 ,21 ,29 ,36 ,34 ,22 ,17 ,87 ,108 ,69 ,4 ,3 ,16 ,6 ,4 ,8 ,-,64 ,4 ,1 ,7 ,-,6 ,-,-,-,3
2020-09-04,198 ,188 ,10 ,2,9 ,7 ,17 ,24 ,27 ,39 ,38 ,22 ,15 ,94 ,104 ,68 ,4 ,7 ,5 ,11 ,4 ,3 ,-,56 ,3 ,4 ,21 ,-,1 ,4 ,3 ,-,4
2020-09-05,168 ,158 ,10 ,2,3 ,6 ,14 ,19 ,19 ,38 ,42 ,18 ,9 ,82 ,86 ,51 ,10 ,5 ,14 ,8 ,2 ,1 ,-,50 ,3 ,4 ,4 ,2 ,-,1 ,8 ,1 ,4
2020-09-06,167 ,152 ,15 ,1,8 ,3 ,19 ,15 ,25 ,35 ,39 ,16 ,7 ,79 ,88 ,63 ,2 ,5 ,12 ,7 ,5 ,1 ,-,47 ,5 ,2 ,2 ,1 ,3 ,2 ,6 ,-,4
2020-09-07,119 ,107 ,12 ,2,3 ,5 ,13 ,17 ,16 ,22 ,21 ,20 ,2 ,66 ,53 ,48 ,9 ,2 ,1 ,9 ,5 ,3 ,-,31 ,-,-,3 ,1 ,-,-,3 ,-,4
2020-09-08,136 ,120 ,16 ,5,5 ,8 ,12 ,17 ,17 ,33 ,27 ,14 ,3 ,73 ,63 ,67 ,1 ,2 ,2 ,13 ,4 ,3 ,1 ,31 ,-,1 ,-,3 ,1 ,3 ,-,-,4
2020-09-09,156 ,144 ,12 ,3,6 ,8 ,8 ,16 ,15 ,29 ,46 ,22 ,6 ,76 ,80 ,49 ,2 ,2 ,1 ,17 ,8 ,4 ,2 ,55 ,-,1 ,8 ,1 ,1 ,-,1 ,-,4
2020-09-10,155 ,140 ,15 ,2,12 ,4 ,12 ,13 ,17 ,29 ,45 ,12 ,11 ,76 ,79 ,48 ,1 ,1 ,5 ,5 ,11 ,4 ,-,50 ,2 ,3 ,12 ,1 ,2 ,3 ,1 ,2 ,4
2020-09-11,176 ,161 ,15 ,4,3 ,3 ,22 ,19 ,22 ,34 ,40 ,16 ,17 ,77 ,99 ,63 ,3 ,1 ,8 ,8 ,11 ,5 ,-,47 ,-,1 ,14 ,-,2 ,2 ,-,2 ,9
2020-09-12,136 ,118 ,18 ,5,4 ,5 ,16 ,12 ,18 ,34 ,29 ,14 ,4 ,81 ,55 ,50 ,4 ,4 ,8 ,3 ,7 ,1 ,-,32 ,3 ,-,6 ,1 ,1 ,2 ,3 ,1 ,10
2020-09-13,121 ,99 ,22 ,3,4 ,3 ,24 ,14 ,11 ,19 ,30 ,12 ,4 ,63 ,58 ,31 ,3 ,14 ,3 ,3 ,2 ,7 ,-,32 ,1 ,-,11 ,2 ,-,2 ,3 ,-,7
2020-09-14,109 ,98 ,11 ,5,2 ,3 ,17 ,11 ,11 ,24 ,26 ,12 ,3 ,51 ,58 ,41 ,3 ,4 ,10 ,3 ,1 ,1 ,-,30 ,-,-,8 ,1 ,-,1 ,1 ,-,5
2020-09-15,106 ,90 ,16 ,4,6 ,8 ,8 ,10 ,18 ,18 ,25 ,11 ,2 ,48 ,58 ,32 ,4 ,-,9 ,1 ,3 ,-,-,39 ,1 ,2 ,3 ,1 ,-,1 ,2 ,3 ,5
2020-09-16,113 ,105 ,8 ,-,1 ,3 ,14 ,9 ,17 ,22 ,25 ,18 ,4 ,67 ,46 ,51 ,4 ,4 ,9 ,2 ,1 ,-,-,26 ,-,2 ,2 ,5 ,-,2 ,3 ,-,2
2020-09-17,153 ,145 ,8 ,5,5 ,8 ,25 ,11 ,20 ,36 ,27 ,17 ,4 ,74 ,79 ,64 ,2 ,2 ,7 ,1 ,1 ,-,-,54 ,-,-,10 ,-,1 ,6 ,3 ,-,2
2020-09-18,126 ,109 ,17 ,5,3 ,4 ,16 ,17 ,21 ,24 ,24 ,12 ,5 ,57 ,69 ,46 ,2 ,2 ,6 ,-,3 ,-,-,37 ,-,3 ,6 ,8 ,-,5 ,4 ,2 ,2
2020-09-19,110 ,106 ,4 ,1,1 ,5 ,6 ,7 ,9 ,35 ,26 ,15 ,6 ,45 ,65 ,40 ,2 ,2 ,11 ,-,2 ,-,-,41 ,-,1 ,4 ,1 ,-,4 ,1 ,-,1
2020-09-20,82 ,72 ,10 ,5,1 ,4 ,7 ,10 ,14 ,12 ,17 ,12 ,5 ,48 ,34 ,28 ,6 ,2 ,3 ,-,2 ,1 ,-,26 ,-,1 ,1 ,-,-,5 ,1 ,-,6
2020-09-21,70 ,55 ,15 ,2,1 ,4 ,18 ,10 ,6 ,13 ,9 ,9 ,-,36 ,34 ,23 ,8 ,1 ,2 ,1 ,2 ,-,-,18 ,-,2 ,-,-,-,1 ,2 ,-,10
2020-09-22,61 ,50 ,11 ,3,1 ,2 ,6 ,10 ,10 ,16 ,10 ,5 ,1 ,37 ,24 ,21 ,5 ,-,2 ,-,-,1 ,1 ,20 ,2 ,2 ,-,-,-,4 ,1 ,-,2
2020-09-23,110 ,99 ,11 ,-,4 ,4 ,9 ,10 ,14 ,23 ,19 ,22 ,5 ,59 ,51 ,40 ,7 ,3 ,5 ,2 ,-,2 ,-,30 ,1 ,2 ,5 ,1 ,-,6 ,-,-,6
2020-09-24,125 ,109 ,16 ,5,6 ,4 ,15 ,9 ,17 ,29 ,27 ,9 ,9 ,65 ,60 ,39 ,7 ,1 ,10 ,-,1 ,-,3 ,48 ,2 ,2 ,1 ,1 ,1 ,2 ,1 ,1 ,5
2020-09-25,114 ,95 ,19 ,2,5 ,3 ,12 ,14 ,15 ,19 ,22 ,14 ,10 ,54 ,60 ,57 ,3 ,-,3 ,2 ,-,-,1 ,27 ,1 ,3 ,1 ,3 ,-,6 ,1 ,-,6
2020-09-26,61 ,49 ,12 ,4,1 ,6 ,7 ,7 ,5 ,10 ,16 ,9 ,-,25 ,36 ,26 ,2 ,1 ,1 ,-,1 ,-,-,14 ,-,-,-,3 ,-,3 ,1 ,-,9
2020-09-27,95 ,73 ,22 ,2,-,4 ,14 ,16 ,12 ,19 ,20 ,7 ,3 ,42 ,53 ,34 ,3 ,-,9 ,2 ,-,-,1 ,21 ,-,2 ,2 ,2 ,1 ,6 ,1 ,-,11
2020-09-28,50 ,40 ,10 ,5,4 ,4 ,5 ,3 ,5 ,10 ,12 ,3 ,4 ,26 ,24 ,19 ,1 ,-,1 ,-,-,1 ,-,14 ,1 ,1 ,-,-,-,4 ,1 ,-,7
2020-09-29,38 ,23 ,15 ,1,2 ,2 ,8 ,7 ,7 ,5 ,4 ,-,3 ,27 ,11 ,11 ,3 ,-,-,-,-,-,-,10 ,-,1 ,2 ,-,-,2 ,-,-,9
2020-09-30,113 ,94 ,19 ,6,5 ,5 ,8 ,20 ,20 ,26 ,18 ,9 ,2 ,77 ,36 ,51 ,5 ,2 ,4 ,3 ,2 ,1 ,-,26 ,-,-,5 ,3 ,-,6 ,-,-,5
2020-10-01,77 ,67 ,10 ,2,6 ,4 ,7 ,9 ,14 ,13 ,13 ,7 ,4 ,42 ,35 ,30 ,6 ,1 ,3 ,-,-,-,-,21 ,-,1 ,3 ,-,1 ,5 ,-,-,6
2020-10-02,63 ,53 ,10 ,1,3 ,6 ,6 ,10 ,6 ,11 ,13 ,4 ,4 ,38 ,25 ,11 ,18 ,-,4 ,-,-,-,-,19 ,-,-,1 ,-,-,4 ,-,-,6
2020-10-03,75 ,52 ,23 ,4,1 ,1 ,6 ,13 ,11 ,11 ,16 ,13 ,3 ,47 ,28 ,26 ,8 ,-,7 ,-,2 ,-,-,10 ,-,1 ,1 ,1 ,3 ,2 ,-,-,14
2020-10-04,64 ,47 ,17 ,1,-,4 ,4 ,9 ,13 ,8 ,12 ,8 ,6 ,40 ,24 ,16 ,5 ,2 ,6 ,1 ,2 ,1 ,-,16 ,-,2 ,-,-,-,4 ,-,-,9
2020-10-05,73 ,64 ,9 ,1,-,3 ,17 ,9 ,8 ,12 ,14 ,6 ,4 ,47 ,26 ,19 ,5 ,1 ,5 ,-,1 ,4 ,1 ,27 ,-,1 ,2 ,3 ,-,1 ,1 ,-,2
2020-10-06,75 ,66 ,9 ,-,5 ,8 ,26 ,8 ,2 ,11 ,9 ,4 ,2 ,49 ,26 ,15 ,3 ,-,4 ,-,3 ,1 ,-,35 ,-,-,-,9 ,-,-,-,-,5
2020-10-07,114 ,94 ,20 ,3,1 ,2 ,8 ,13 ,10 ,28 ,31 ,16 ,5 ,53 ,61 ,33 ,2 ,1 ,6 ,-,2 ,1 ,1 ,53 ,-,-,-,8 ,-,-,-,-,7
2020-10-08,69 ,60 ,9 ,2,6 ,5 ,6 ,7 ,9 ,12 ,11 ,10 ,3 ,39 ,30 ,20 ,5 ,-,5 ,-,7 ,-,-,24 ,-,1 ,-,-,-,1 ,3 ,-,3
2020-10-09,54 ,38 ,16 ,1,1 ,11 ,8 ,7 ,6 ,5 ,10 ,4 ,2 ,28 ,26 ,22 ,5 ,1 ,-,-,5 ,-,-,12 ,-,1 ,-,-,1 ,-,1 ,-,6
2020-10-10,72 ,61 ,11 ,2,1 ,3 ,11 ,7 ,6 ,11 ,22 ,7 ,4 ,40 ,32 ,25 ,3 ,1 ,8 ,-,1 ,-,-,24 ,-,-,3 ,-,2 ,-,-,-,5
2020-10-11,58 ,46 ,12 ,2,4 ,-,11 ,14 ,8 ,6 ,6 ,6 ,3 ,34 ,24 ,23 ,3 ,1 ,1 ,-,2 ,1 ,-,21 ,2 ,-,1 ,-,-,-,-,-,3
2020-10-12,98 ,69 ,29 ,1,8 ,2 ,19 ,19 ,16 ,12 ,12 ,8 ,2 ,56 ,42 ,31 ,4 ,-,3 ,1 ,13 ,-,-,30 ,1 ,-,2 ,2 ,-,1 ,1 ,-,9
2020-10-13,91 ,69 ,22 ,1,5 ,7 ,18 ,15 ,17 ,10 ,11 ,7 ,1 ,53 ,38 ,20 ,1 ,1 ,-,2 ,10 ,-,-,38 ,4 ,1 ,2 ,1 ,-,1 ,-,-,10
2020-10-14,84 ,53 ,31 ,4,4 ,7 ,30 ,11 ,11 ,9 ,8 ,2 ,2 ,51 ,33 ,23 ,2 ,-,8 ,-,4 ,1 ,-,31 ,-,-,1 ,-,-,-,-,-,14
2020-10-15,110 ,95 ,15 ,1,5 ,3 ,16 ,11 ,11 ,8 ,14 ,11 ,31 ,32 ,78 ,25 ,55 ,-,11 ,-,1 ,-,-,8 ,1 ,1 ,-,1 ,-,1 ,-,-,6
2020-10-16,47 ,41 ,6 ,2,-,2 ,7 ,9 ,10 ,8 ,7 ,2 ,2 ,21 ,26 ,18 ,-,-,4 ,-,2 ,-,-,17 ,-,-,1 ,2 ,-,-,-,-,3
2020-10-17,73 ,62 ,11 ,2,2 ,2 ,6 ,15 ,5 ,20 ,17 ,2 ,4 ,26 ,47 ,18 ,6 ,1 ,2 ,1 ,-,-,-,32 ,3 ,-,2 ,-,1 ,-,2 ,-,5
2020-10-18,91 ,71 ,20 ,1,2 ,4 ,12 ,14 ,14 ,21 ,15 ,8 ,1 ,48 ,43 ,20 ,4 ,-,1 ,-,1 ,-,-,50 ,2 ,-,-,-,-,-,-,-,13
2020-10-19,76 ,50 ,26 ,-,2 ,3 ,13 ,7 ,15 ,13 ,7 ,7 ,9 ,36 ,40 ,14 ,15 ,-,5 ,2 ,2 ,-,-,18 ,1 ,1 ,2 ,1 ,-,2 ,1 ,-,12
2020-10-20,58 ,41 ,17 ,3,3 ,3 ,11 ,7 ,12 ,9 ,9 ,3 ,1 ,38 ,20 ,11 ,2 ,-,3 ,-,1 ,-,-,28 ,3 ,2 ,2 ,-,-,2 ,1 ,-,3
2020-10-21,89 ,57 ,32 ,3,1 ,4 ,12 ,10 ,18 ,15 ,14 ,5 ,10 ,47 ,42 ,17 ,10 ,-,6 ,1 ,4 ,1 ,-,24 ,2 ,1 ,-,-,1 ,2 ,-,-,20
2020-10-22,121 ,104 ,17 ,3,2 ,2 ,18 ,12 ,18 ,24 ,26 ,11 ,8 ,60 ,61 ,18 ,5 ,2 ,4 ,-,-,-,-,67 ,2 ,-,11 ,2 ,-,1 ,-,-,9
2020-10-23,155 ,138 ,17 ,2,2 ,11 ,10 ,18 ,21 ,26 ,26 ,13 ,28 ,73 ,82 ,20 ,-,5 ,5 ,6 ,-,-,-,103 ,1 ,-,4 ,2 ,1 ,-,-,-,8
2020-10-24,77 ,66 ,11 ,2,7 ,7 ,12 ,4 ,9 ,14 ,14 ,5 ,5 ,41 ,36 ,22 ,-,-,2 ,-,5 ,-,-,35 ,-,-,5 ,-,2 ,-,-,-,6
2020-10-25,61 ,50 ,11 ,-,5 ,7 ,10 ,8 ,11 ,9 ,6 ,1 ,4 ,26 ,35 ,17 ,1 ,1 ,-,-,1 ,1 ,-,27 ,-,-,2 ,-,-,-,2 ,-,9
2020-10-26,119 ,94 ,25 ,-,6 ,5 ,21 ,25 ,22 ,22 ,11 ,3 ,4 ,51 ,68 ,20 ,-,-,3 ,-,1 ,1 ,1 ,67 ,-,2 ,1 ,-,-,3 ,3 ,-,17
2020-10-27,88 ,72 ,16 ,3,2 ,7 ,12 ,9 ,14 ,23 ,13 ,4 ,4 ,41 ,47 ,24 ,1 ,-,2 ,-,5 ,-,-,35 ,6 ,1 ,1 ,-,3 ,-,5 ,-,5
2020-10-28,103 ,96 ,7 ,1,4 ,6 ,20 ,15 ,17 ,20 ,9 ,7 ,5 ,46 ,57 ,25 ,-,2 ,10 ,-,7 ,-,-,31 ,14 ,-,1 ,3 ,-,5 ,3 ,-,2
2020-10-29,125 ,107 ,18 ,1,11 ,8 ,13 ,23 ,14 ,18 ,24 ,10 ,4 ,68 ,57 ,36 ,-,3 ,5 ,2 ,-,2 ,-,58 ,7 ,-,1 ,1 ,-,1 ,-,-,9
2020-10-30,113 ,93 ,20 ,1,8 ,9 ,16 ,16 ,19 ,16 ,19 ,6 ,4 ,54 ,59 ,47 ,-,10 ,3 ,-,-,2 ,-,32 ,6 ,2 ,3 ,2 ,1 ,-,1 ,-,4
2020-10-31,127 ,96 ,31 ,1,7 ,5 ,21 ,22 ,18 ,26 ,8 ,10 ,10 ,63 ,64 ,52 ,2 ,9 ,3 ,-,-,-,3 ,27 ,-,-,5 ,-,-,-,1 ,-,25
2020-11-01,124 ,101 ,23 ,2,5 ,14 ,24 ,19 ,25 ,13 ,15 ,6 ,3 ,60 ,64 ,45 ,-,2 ,4 ,3 ,-,-,-,38 ,3 ,1 ,9 ,-,3 ,-,2 ,-,14
2020-11-02,97 ,79 ,18 ,2,7 ,9 ,9 ,13 ,19 ,10 ,18 ,8 ,4 ,48 ,49 ,25 ,-,3 ,2 ,-,-,1 ,-,41 ,1 ,2 ,11 ,-,2 ,1 ,1 ,-,7
2020-11-03,75 ,46 ,29 ,4,3 ,5 ,17 ,13 ,6 ,14 ,12 ,4 ,1 ,43 ,32 ,22 ,1 ,-,1 ,2 ,-,-,-,27 ,1 ,1 ,7 ,-,-,-,1 ,-,12
2020-11-04,117 ,98 ,19 ,2,2 ,3 ,18 ,25 ,11 ,20 ,23 ,10 ,5 ,60 ,57 ,42 ,1 ,2 ,4 ,-,1 ,1 ,-,43 ,-,-,10 ,-,-,2 ,-,1 ,10
2020-11-05,125 ,108 ,17 ,1,1 ,8 ,21 ,20 ,23 ,29 ,15 ,6 ,2 ,63 ,62 ,50 ,4 ,2 ,5 ,-,-,-,-,27 ,1 ,2 ,23 ,-,-,-,5 ,-,6
2020-11-06,145 ,117 ,28 ,1,9 ,7 ,24 ,24 ,26 ,28 ,13 ,9 ,5 ,74 ,71 ,40 ,-,-,-,-,-,-,-,47 ,7 ,-,25 ,1 ,-,1 ,13 ,-,11
2020-11-07,89 ,72 ,17 ,1,1 ,5 ,10 ,15 ,21 ,9 ,13 ,11 ,4 ,50 ,39 ,37 ,2 ,1 ,1 ,-,1 ,-,-,21 ,4 ,-,9 ,-,-,-,5 ,-,8
2020-11-08,143 ,118 ,25 ,1,3 ,4 ,9 ,26 ,22 ,22 ,24 ,24 ,9 ,76 ,67 ,54 ,-,7 ,3 ,2 ,1 ,1 ,-,25 ,9 ,2 ,9 ,-,4 ,2 ,10 ,-,14
2020-11-09,126 ,99 ,27 ,2,3 ,6 ,15 ,25 ,19 ,19 ,15 ,15 ,9 ,57 ,69 ,46 ,2 ,6 ,2 ,1 ,-,-,-,22 ,11 ,4 ,10 ,4 ,2 ,1 ,4 ,-,11
2020-11-10,100 ,71 ,29 ,5,3 ,9 ,21 ,13 ,11 ,14 ,15 ,9 ,5 ,56 ,44 ,35 ,1 ,1 ,3 ,5 ,-,-,-,33 ,3 ,2 ,4 ,-,2 ,1 ,2 ,-,8
2020-11-11,145 ,113 ,32 ,2,6 ,5 ,20 ,18 ,12 ,20 ,30 ,19 ,15 ,67 ,78 ,45 ,3 ,-,1 ,4 ,1 ,-,-,53 ,9 ,2 ,7 ,1 ,1 ,-,11 ,-,7
2020-11-12,143 ,128 ,15 ,-,6 ,13 ,26 ,23 ,22 ,25 ,15 ,9 ,4 ,77 ,66 ,53 ,2 ,3 ,2 ,6 ,2 ,1 ,-,35 ,6 ,1 ,9 ,-,8 ,1 ,4 ,1 ,9
2020-11-13,191 ,162 ,29 ,1,7 ,9 ,28 ,19 ,24 ,41 ,28 ,17 ,18 ,91 ,100 ,74 ,-,1 ,4 ,5 ,-,-,1 ,47 ,23 ,1 ,8 ,-,9 ,-,3 ,1 ,14
2020-11-14,205 ,166 ,39 ,4,12 ,14 ,36 ,32 ,29 ,36 ,32 ,7 ,7 ,105 ,100 ,69 ,4 ,-,1 ,8 ,2 ,-,1 ,49 ,18 ,-,11 ,4 ,13 ,-,4 ,-,21
2020-11-15,208 ,176 ,32 ,1,8 ,13 ,26 ,27 ,27 ,49 ,40 ,13 ,5 ,100 ,108 ,85 ,-,1 ,2 ,9 ,-,-,-,45 ,19 ,8 ,5 ,2 ,9 ,2 ,3 ,-,18
2020-11-16,222 ,192 ,30 ,1,5 ,12 ,37 ,27 ,29 ,40 ,53 ,15 ,4 ,117 ,105 ,80 ,-,-,10 ,4 ,3 ,-,1 ,42 ,20 ,3 ,6 ,1 ,10 ,14 ,4 ,1 ,23
2020-11-17,230 ,202 ,28 ,-,11 ,12 ,37 ,26 ,36 ,44 ,38 ,18 ,8 ,118 ,112 ,90 ,-,3 ,13 ,18 ,1 ,-,1 ,52 ,13 ,-,9 ,-,16 ,3 ,3 ,-,8
2020-11-18,285 ,245 ,40 ,2,4 ,16 ,44 ,38 ,51 ,51 ,40 ,20 ,21 ,158 ,127 ,92 ,5 ,2 ,12 ,9 ,1 ,3 ,-,87 ,5 ,-,7 ,-,15 ,16 ,9 ,-,22
2020-11-19,325 ,293 ,32 ,2,23 ,43 ,46 ,36 ,52 ,53 ,44 ,17 ,11 ,164 ,161 ,109 ,5 ,2 ,12 ,8 ,1 ,-,-,64 ,20 ,4 ,13 ,2 ,28 ,8 ,28 ,-,21
2020-11-20,348 ,320 ,28 ,3,11 ,35 ,63 ,48 ,53 ,55 ,43 ,28 ,12 ,177 ,171 ,132 ,2 ,1 ,30 ,4 ,-,-,-,73 ,24 ,2 ,15 ,13 ,14 ,10 ,18 ,2 ,8
2020-11-21,386 ,361 ,25 ,2,15 ,36 ,108 ,49 ,56 ,56 ,37 ,23 ,6 ,210 ,176 ,156 ,7 ,1 ,22 ,7 ,1 ,1 ,-,93 ,15 ,1 ,21 ,14 ,19 ,8 ,11 ,-,9
2020-11-22,330 ,302 ,28 ,2,17 ,20 ,65 ,47 ,64 ,56 ,32 ,18 ,11 ,173 ,157 ,121 ,1 ,1 ,27 ,8 ,-,1 ,-,75 ,13 ,-,13 ,12 ,13 ,6 ,19 ,-,20
2020-11-23,271 ,255 ,16 ,4,23 ,21 ,41 ,41 ,49 ,50 ,20 ,17 ,9 ,128 ,143 ,112 ,5 ,2 ,23 ,1 ,3 ,1 ,1 ,76 ,12 ,-,9 ,9 ,5 ,4 ,2 ,1 ,5
2020-11-24,349 ,318 ,31 ,1,16 ,17 ,66 ,53 ,60 ,62 ,43 ,25 ,7 ,190 ,159 ,133 ,6 ,3 ,17 ,3 ,-,2 ,2 ,81 ,46 ,3 ,8 ,15 ,7 ,9 ,3 ,1 ,10
2020-11-25,382 ,363 ,19 ,3,11 ,31 ,52 ,61 ,75 ,72 ,46 ,24 ,10 ,206 ,176 ,142 ,18 ,5 ,40 ,14 ,4 ,3 ,-,82 ,13 ,3 ,18 ,8 ,8 ,3 ,11 ,3 ,7
2020-11-26,581 ,552 ,29 ,2,21 ,57 ,125 ,81 ,93 ,95 ,72 ,28 ,9 ,294 ,287 ,212 ,22 ,1 ,18 ,14 ,1 ,7 ,4 ,183 ,8 ,8 ,16 ,16 ,9 ,2 ,45 ,3 ,12
2020-11-27,555 ,525 ,30 ,1,21 ,40 ,81 ,80 ,96 ,116 ,68 ,27 ,26 ,299 ,256 ,204 ,24 ,-,25 ,13 ,5 ,7 ,3 ,117 ,9 ,20 ,31 ,24 ,11 ,3 ,39 ,3 ,17
2020-11-28,503 ,486 ,17 ,6,13 ,38 ,74 ,77 ,95 ,78 ,82 ,30 ,16 ,262 ,241 ,178 ,28 ,1 ,25 ,16 ,13 ,3 ,-,125 ,33 ,24 ,17 ,9 ,7 ,5 ,14 ,2 ,3
2020-11-29,450 ,413 ,37 ,1,18 ,36 ,93 ,66 ,69 ,83 ,46 ,26 ,13 ,233 ,217 ,158 ,22 ,3 ,21 ,8 ,6 ,-,3 ,94 ,19 ,22 ,13 ,17 ,20 ,11 ,15 ,1 ,17
2020-11-30,438 ,414 ,24 ,3,16 ,54 ,60 ,54 ,58 ,87 ,59 ,24 ,26 ,213 ,225 ,159 ,52 ,4 ,34 ,13 ,5 ,3 ,1 ,77 ,8 ,22 ,5 ,16 ,4 ,4 ,20 ,1 ,10
2020-12-01,451 ,420 ,31 ,-,15 ,47 ,81 ,67 ,63 ,94 ,43 ,27 ,14 ,233 ,218 ,155 ,31 ,11 ,16 ,22 ,10 ,3 ,2 ,96 ,9 ,32 ,16 ,9 ,2 ,11 ,11 ,1 ,14
2020-12-02,511 ,492 ,19 ,-,19 ,43 ,85 ,89 ,79 ,98 ,57 ,23 ,18 ,262 ,249 ,193 ,32 ,4 ,23 ,10 ,5 ,10 ,7 ,144 ,12 ,16 ,8 ,26 ,1 ,5 ,7 ,2 ,6
2020-12-03,540 ,516 ,24 ,3,31 ,41 ,104 ,68 ,93 ,95 ,75 ,27 ,6 ,273 ,267 ,262 ,15 ,3 ,22 ,3 ,7 ,2 ,4 ,141 ,8 ,10 ,14 ,9 ,2 ,11 ,13 ,1 ,13
2020-12-04,628 ,600 ,28 ,7,25 ,46 ,101 ,80 ,89 ,119 ,93 ,43 ,32 ,287 ,341 ,295 ,31 ,6 ,17 ,1 ,21 ,5 ,-,160 ,3 ,5 ,23 ,14 ,3 ,9 ,16 ,2 ,17
2020-12-05,577 ,559 ,18 ,4,23 ,52 ,98 ,65 ,77 ,92 ,89 ,50 ,31 ,282 ,295 ,235 ,29 ,7 ,19 ,6 ,10 ,1 ,4 ,157 ,9 ,18 ,10 ,17 ,4 ,17 ,27 ,1 ,6
2020-12-06,631 ,599 ,32 ,5,22 ,30 ,72 ,90 ,73 ,123 ,111 ,68 ,42 ,339 ,292 ,254 ,34 ,3 ,42 ,5 ,3 ,3 ,3 ,184 ,12 ,14 ,15 ,12 ,8 ,11 ,16 ,-,12
2020-12-07,615 ,580 ,35 ,4,14 ,31 ,84 ,75 ,73 ,139 ,100 ,59 ,40 ,296 ,319 ,244 ,35 ,5 ,40 ,5 ,2 ,38 ,-,156 ,9 ,11 ,10 ,22 ,3 ,9 ,16 ,-,10
2020-12-08,587 ,561 ,26 ,3,20 ,35 ,72 ,71 ,81 ,111 ,89 ,55 ,53 ,271 ,316 ,211 ,26 ,4 ,25 ,11 ,11 ,61 ,1 ,157 ,8 ,10 ,15 ,13 ,7 ,5 ,13 ,2 ,7
2020-12-09,670 ,646 ,24 ,4,24 ,39 ,67 ,95 ,96 ,121 ,124 ,72 ,32 ,335 ,335 ,262 ,19 ,2 ,46 ,9 ,10 ,14 ,1 ,219 ,5 ,23 ,4 ,12 ,2 ,4 ,29 ,-,9
2020-12-10,680 ,643 ,37 ,8,37 ,53 ,80 ,111 ,92 ,110 ,114 ,53 ,30 ,351 ,329 ,250 ,31 ,3 ,37 ,5 ,9 ,16 ,1 ,215 ,15 ,12 ,20 ,8 ,5 ,8 ,16 ,13 ,16
2020-12-11,689 ,673 ,16 ,8,35 ,44 ,83 ,82 ,102 ,123 ,102 ,63 ,55 ,336 ,353 ,252 ,26 ,6 ,37 ,3 ,10 ,47 ,-,229 ,11 ,20 ,10 ,7 ,4 ,3 ,12 ,5 ,7
2020-12-12,950 ,928 ,22 ,6,52 ,86 ,97 ,113 ,143 ,174 ,148 ,69 ,68 ,436 ,514 ,362 ,59 ,35 ,42 ,9 ,18 ,23 ,1 ,272 ,36 ,21 ,10 ,6 ,8 ,19 ,17 ,-,12
2020-12-13,"1,030 ","1,000 ",30 ,2,36 ,74 ,110 ,109 ,150 ,192 ,183 ,105 ,71 ,483 ,547 ,399 ,57 ,28 ,62 ,15 ,13 ,8 ,-,331 ,18 ,15 ,10 ,9 ,6 ,18 ,24 ,3 ,14
2020-12-14,718 ,682 ,36 ,7,31 ,54 ,99 ,75 ,119 ,138 ,107 ,49 ,46 ,331 ,387 ,219 ,21 ,16 ,36 ,22 ,2 ,5 ,3 ,226 ,14 ,21 ,55 ,8 ,1 ,16 ,28 ,8 ,17
2020-12-15,880 ,848 ,32 ,13,40 ,54 ,100 ,112 ,125 ,151 ,133 ,79 ,86 ,415 ,465 ,251 ,41 ,19 ,55 ,5 ,32 ,49 ,1 ,288 ,13 ,25 ,37 ,15 ,1 ,15 ,16 ,9 ,8
2020-12-16,"1,078 ","1,054 ",24 ,12,45 ,69 ,153 ,104 ,142 ,215 ,191 ,91 ,68 ,556 ,522 ,378 ,41 ,27 ,67 ,2 ,15 ,6 ,-,329 ,8 ,23 ,35 ,75 ,4 ,28 ,19 ,15 ,6
2020-12-17,"1,014 ",994 ,20 ,22,56 ,55 ,107 ,124 ,141 ,214 ,173 ,85 ,59 ,473 ,541 ,423 ,44 ,21 ,80 ,10 ,11 ,10 ,-,291 ,9 ,19 ,19 ,19 ,-,9 ,30 ,12 ,7
2020-12-18,"1,064 ","1,038 ",26 ,11,40 ,66 ,123 ,131 ,134 ,227 ,186 ,91 ,66 ,483 ,581 ,398 ,39 ,20 ,65 ,4 ,5 ,31 ,-,303 ,18 ,31 ,18 ,16 ,5 ,31 ,44 ,27 ,9
2020-12-19,"1,045 ","1,024 ",21 ,14,33 ,65 ,132 ,111 ,153 ,217 ,176 ,81 ,77 ,470 ,575 ,380 ,39 ,20 ,46 ,9 ,5 ,9 ,-,274 ,27 ,103 ,24 ,15 ,5 ,29 ,32 ,24 ,4
2020-12-20,"1,096 ","1,071 ",25 ,15,47 ,71 ,137 ,142 ,153 ,233 ,187 ,79 ,47 ,626 ,470 ,472 ,33 ,25 ,62 ,14 ,3 ,6 ,1 ,249 ,55 ,14 ,20 ,29 ,4 ,25 ,51 ,24 ,9
2020-12-21,924 ,891 ,33 ,24,46 ,45 ,97 ,116 ,124 ,195 ,160 ,87 ,54 ,459 ,465 ,327 ,20 ,21 ,88 ,13 ,3 ,17 ,-,244 ,25 ,33 ,16 ,13 ,9 ,48 ,15 ,23 ,9
2020-12-22,866 ,821 ,45 ,24,31 ,56 ,104 ,104 ,124 ,179 ,131 ,86 ,51 ,421 ,445 ,316 ,26 ,39 ,45 ,26 ,9 ,6 ,1 ,204 ,23 ,31 ,17 ,4 ,5 ,59 ,18 ,19 ,18
2020-12-23,"1,090 ","1,058 ",32 ,17,46 ,62 ,102 ,124 ,143 ,246 ,189 ,96 ,82 ,528 ,562 ,375 ,32 ,24 ,49 ,36 ,35 ,18 ,1 ,309 ,13 ,58 ,11 ,21 ,12 ,25 ,29 ,33 ,9
2020-12-24,985 ,955 ,30 ,17,36 ,69 ,128 ,136 ,133 ,183 ,171 ,75 ,54 ,485 ,500 ,319 ,44 ,26 ,53 ,15 ,11 ,9 ,2 ,285 ,21 ,47 ,31 ,12 ,2 ,50 ,21 ,26 ,11
2020-12-25,"1,240 ","1,215 ",25 ,17,47 ,66 ,158 ,169 ,197 ,239 ,214 ,86 ,64 ,771 ,469 ,552 ,22 ,23 ,55 ,36 ,13 ,12 ,1 ,263 ,14 ,42 ,80 ,14 ,5 ,67 ,15 ,20 ,6
2020-12-26,"1,131 ","1,103 ",28 ,20,47 ,80 ,128 ,148 ,178 ,209 ,171 ,89 ,81 ,565 ,566 ,465 ,27 ,13 ,55 ,28 ,11 ,8 ,1 ,255 ,36 ,38 ,61 ,37 ,6 ,34 ,22 ,24 ,10
2020-12-27,970 ,946 ,24 ,15,36 ,61 ,111 ,131 ,159 ,191 ,179 ,61 ,41 ,472 ,498 ,362 ,40 ,21 ,61 ,17 ,8 ,1 ,6 ,241 ,23 ,24 ,58 ,8 ,5 ,34 ,44 ,7 ,10
2020-12-28,806 ,786 ,20 ,11,35 ,50 ,76 ,113 ,120 ,172 ,129 ,62 ,49 ,395 ,411 ,299 ,34 ,24 ,46 ,12 ,3 ,2 ,2 ,193 ,27 ,31 ,35 ,1 ,7 ,46 ,25 ,11 ,8
2020-12-29,"1,044 ","1,028 ",16 ,40,41 ,52 ,145 ,147 ,172 ,190 ,184 ,75 ,38 ,618 ,426 ,521 ,17 ,29 ,32 ,15 ,30 ,4 ,4 ,256 ,21 ,22 ,27 ,8 ,4 ,28 ,16 ,5 ,5
2020-12-30,"1,050 ","1,025 ",25 ,20,39 ,57 ,116 ,112 ,163 ,198 ,204 ,92 ,69 ,522 ,528 ,387 ,39 ,51 ,48 ,9 ,19 ,16 ,2 ,277 ,17 ,45 ,27 ,32 ,1 ,23 ,36 ,10 ,11
2020-12-31,967 ,940 ,27 ,21,49 ,67 ,93 ,132 ,134 ,186 ,174 ,67 ,65 ,505 ,462 ,366 ,74 ,33 ,59 ,8 ,7 ,35 ,-,225 ,36 ,22 ,18 ,12 ,5 ,23 ,22 ,9 ,13
2021-01-01,"1,027 ","1,002 ",25 ,17,41 ,74 ,129 ,145 ,154 ,204 ,159 ,80 ,41 ,555 ,472 ,357 ,57 ,43 ,65 ,17 ,11 ,43 ,1 ,284 ,30 ,22 ,15 ,8 ,6 ,24 ,35 ,5 ,4
2021-01-02,820 ,784 ,36 ,25,39 ,66 ,111 ,107 ,105 ,160 ,125 ,58 ,49 ,418 ,402 ,250 ,26 ,29 ,71 ,13 ,4 ,17 ,3 ,227 ,31 ,36 ,7 ,11 ,11 ,20 ,37 ,13 ,14
2021-01-03,657 ,641 ,16 ,20,32 ,46 ,81 ,77 ,89 ,125 ,117 ,52 ,38 ,301 ,356 ,198 ,19 ,22 ,48 ,26 ,8 ,7 ,1 ,204 ,33 ,27 ,9 ,5 ,12 ,14 ,12 ,4 ,8
2021-01-04,"1,020 ",986 ,34 ,19,40 ,71 ,120 ,127 ,172 ,187 ,153 ,69 ,81 ,536 ,484 ,329 ,37 ,29 ,103 ,74 ,6 ,5 ,-,268 ,28 ,23 ,23 ,13 ,3 ,25 ,33 ,10 ,11
2021-01-05,714 ,672 ,42 ,26,45 ,42 ,101 ,103 ,114 ,128 ,110 ,45 ,26 ,355 ,359 ,199 ,15 ,32 ,49 ,23 ,8 ,4 ,-,230 ,27 ,32 ,18 ,5 ,4 ,24 ,21 ,8 ,15
2021-01-06,838 ,807 ,31 ,20,45 ,60 ,107 ,106 ,110 ,139 ,147 ,73 ,51 ,407 ,431 ,263 ,38 ,21 ,38 ,30 ,9 ,2 ,1 ,284 ,16 ,21 ,24 ,22 ,1 ,28 ,29 ,5 ,6
2021-01-07,869 ,832 ,37 ,19,41 ,55 ,122 ,120 ,155 ,176 ,115 ,58 ,27 ,458 ,411 ,297 ,23 ,10 ,41 ,28 ,9 ,9 ,3 ,303 ,30 ,14 ,20 ,2 ,1 ,36 ,20 ,9 ,14
2021-01-08,674 ,632 ,42 ,35,34 ,43 ,92 ,86 ,84 ,125 ,124 ,49 ,37 ,319 ,355 ,191 ,24 ,18 ,30 ,21 ,8 ,10 ,-,258 ,11 ,10 ,21 ,8 ,-,30 ,22 ,6 ,6
2021-01-09,641 ,596 ,45 ,19,32 ,50 ,100 ,91 ,89 ,124 ,80 ,50 ,25 ,323 ,318 ,188 ,17 ,13 ,49 ,6 ,5 ,8 ,-,211 ,6 ,30 ,27 ,14 ,5 ,21 ,26 ,5 ,10
2021-01-10,657 ,623 ,34 ,25,36 ,56 ,86 ,78 ,92 ,142 ,84 ,49 ,34 ,337 ,320 ,187 ,34 ,27 ,33 ,21 ,4 ,34 ,-,192 ,20 ,9 ,30 ,6 ,4 ,19 ,19 ,4 ,14
2021-01-11,451 ,419 ,32 ,15,19 ,36 ,47 ,54 ,61 ,79 ,80 ,44 ,31 ,239 ,212 ,141 ,19 ,11 ,22 ,24 ,1 ,14 ,-,147 ,11 ,10 ,11 ,7 ,3 ,4 ,13 ,2 ,11
2021-01-12,537 ,510 ,27 ,25,32 ,34 ,71 ,59 ,91 ,102 ,74 ,39 ,35 ,267 ,270 ,167 ,21 ,18 ,21 ,7 ,7 ,7 ,1 ,175 ,7 ,16 ,3 ,12 ,2 ,8 ,55 ,2 ,8
2021-01-13,561 ,535 ,26 ,20,24 ,28 ,66 ,81 ,82 ,129 ,88 ,47 ,16 ,276 ,285 ,152 ,35 ,13 ,22 ,4 ,9 ,11 ,-,201 ,21 ,11 ,5 ,8 ,-,23 ,42 ,1 ,3
2021-01-14,524 ,496 ,28 ,10,25 ,45 ,61 ,68 ,85 ,99 ,73 ,39 ,29 ,272 ,252 ,134 ,40 ,11 ,25 ,31 ,3 ,10 ,2 ,171 ,11 ,18 ,12 ,3 ,6 ,18 ,16 ,2 ,11
2021-01-15,512 ,483 ,29 ,22,42 ,37 ,62 ,70 ,80 ,97 ,91 ,22 ,11 ,261 ,251 ,127 ,47 ,11 ,24 ,6 ,3 ,6 ,4 ,186 ,13 ,9 ,6 ,6 ,13 ,23 ,22 ,1 ,5
2021-01-16,580 ,547 ,33 ,19,31 ,60 ,54 ,74 ,79 ,106 ,108 ,42 ,26 ,279 ,301 ,156 ,61 ,23 ,33 ,6 ,5 ,8 ,1 ,168 ,23 ,6 ,8 ,17 ,13 ,20 ,20 ,4 ,8
2021-01-17,520 ,500 ,20 ,13,27 ,30 ,74 ,73 ,82 ,87 ,70 ,38 ,39 ,255 ,265 ,145 ,34 ,15 ,35 ,15 ,3 ,18 ,1 ,175 ,4 ,7 ,7 ,5 ,15 ,15 ,18 ,-,8
2021-01-18,389 ,366 ,23 ,15,17 ,31 ,48 ,53 ,66 ,75 ,49 ,30 ,20 ,196 ,193 ,132 ,10 ,13 ,13 ,11 ,2 ,6 ,2 ,105 ,16 ,9 ,11 ,3 ,4 ,18 ,22 ,2 ,10
2021-01-19,386 ,351 ,35 ,19,22 ,27 ,52 ,58 ,72 ,73 ,43 ,31 ,8 ,197 ,189 ,101 ,17 ,16 ,19 ,8 ,7 ,8 ,3 ,139 ,17 ,5 ,8 ,3 ,6 ,9 ,11 ,1 ,8
2021-01-20,404 ,373 ,31 ,17,27 ,27 ,56 ,47 ,58 ,76 ,61 ,31 ,21 ,202 ,202 ,143 ,13 ,12 ,16 ,11 ,1 ,3 ,-,139 ,11 ,3 ,8 ,2 ,9 ,7 ,19 ,6 ,1
2021-01-21,400 ,381 ,19 ,16,15 ,27 ,46 ,49 ,53 ,85 ,61 ,40 ,24 ,183 ,217 ,125 ,19 ,7 ,23 ,6 ,-,3 ,1 ,138 ,8 ,7 ,10 ,5 ,14 ,8 ,16 ,5 ,5
2021-01-22,346 ,314 ,32 ,12,18 ,21 ,53 ,44 ,52 ,65 ,63 ,17 ,13 ,168 ,178 ,115 ,23 ,6 ,9 ,2 ,1 ,3 ,-,116 ,9 ,1 ,7 ,-,7 ,15 ,21 ,2 ,9
2021-01-23,431 ,403 ,28 ,9,21 ,30 ,49 ,59 ,59 ,85 ,62 ,43 ,23 ,208 ,223 ,127 ,33 ,22 ,12 ,7 ,1 ,2 ,1 ,117 ,6 ,4 ,17 ,7 ,10 ,18 ,32 ,3 ,12
2021-01-24,392 ,369 ,23 ,12,18 ,18 ,68 ,50 ,60 ,79 ,61 ,21 ,17 ,198 ,194 ,133 ,20 ,12 ,25 ,17 ,-,2 ,11 ,99 ,11 ,12 ,9 ,4 ,1 ,8 ,17 ,2 ,9
2021-01-25,437 ,405 ,32 ,11,14 ,138 ,44 ,42 ,46 ,72 ,51 ,17 ,13 ,234 ,203 ,101 ,20 ,15 ,14 ,16 ,125 ,2 ,2 ,77 ,4 ,8 ,13 ,-,3 ,15 ,11 ,-,11
2021-01-26,349 ,333 ,16 ,11,15 ,30 ,64 ,43 ,50 ,59 ,55 ,14 ,19 ,156 ,193 ,104 ,27 ,13 ,18 ,12 ,4 ,-,2 ,77 ,43 ,7 ,6 ,1 ,9 ,8 ,12 ,-,6
2021-01-27,559 ,516 ,43 ,7,42 ,97 ,67 ,72 ,85 ,79 ,68 ,26 ,23 ,279 ,280 ,129 ,32 ,6 ,20 ,112 ,1 ,6 ,4 ,150 ,18 ,8 ,4 ,13 ,12 ,11 ,21 ,-,12
2021-01-28,497 ,479 ,18 ,8,33 ,47 ,64 ,58 ,80 ,88 ,69 ,33 ,25 ,274 ,223 ,105 ,54 ,11 ,41 ,44 ,4 ,6 ,1 ,118 ,6 ,25 ,4 ,1 ,8 ,43 ,19 ,-,7
2021-01-29,469 ,445 ,24 ,13,22 ,39 ,47 ,53 ,74 ,88 ,73 ,30 ,43 ,215 ,254 ,112 ,34 ,10 ,19 ,54 ,1 ,2 ,-,135 ,8 ,9 ,6 ,6 ,5 ,43 ,15 ,1 ,9
2021-01-30,456 ,421 ,35 ,15,27 ,48 ,47 ,50 ,67 ,76 ,73 ,35 ,33 ,224 ,232 ,152 ,20 ,8 ,15 ,33 ,2 ,2 ,-,146 ,3 ,11 ,9 ,3 ,1 ,22 ,12 ,2 ,15
2021-01-31,354 ,323 ,31 ,6,17 ,20 ,46 ,49 ,45 ,74 ,57 ,20 ,26 ,183 ,171 ,100 ,20 ,10 ,21 ,17 ,-,6 ,2 ,113 ,6 ,1 ,5 ,2 ,1 ,16 ,18 ,1 ,15
2021-02-01,305 ,285 ,20 ,5,20 ,30 ,36 ,44 ,39 ,54 ,45 ,18 ,19 ,147 ,158 ,107 ,15 ,9 ,11 ,32 ,1 ,1 ,-,92 ,8 ,6 ,4 ,3 ,1 ,5 ,4 ,-,6
2021-02-02,336 ,295 ,41 ,10,9 ,30 ,50 ,37 ,52 ,70 ,55 ,19 ,14 ,187 ,149 ,128 ,12 ,12 ,8 ,24 ,-,1 ,-,82 ,7 ,18 ,5 ,2 ,3 ,10 ,11 ,1 ,12
2021-02-03,467 ,433 ,34 ,6,22 ,41 ,75 ,64 ,92 ,70 ,62 ,29 ,12 ,251 ,216 ,188 ,19 ,9 ,21 ,6 ,7 ,-,1 ,111 ,6 ,9 ,36 ,10 ,6 ,12 ,8 ,1 ,17
2021-02-04,451 ,429 ,22 ,7,27 ,27 ,50 ,64 ,76 ,75 ,69 ,37 ,26 ,212 ,239 ,172 ,26 ,8 ,44 ,12 ,2 ,2 ,-,134 ,8 ,4 ,13 ,1 ,2 ,6 ,8 ,3 ,6
2021-02-05,370 ,350 ,20 ,11,30 ,28 ,30 ,60 ,43 ,65 ,75 ,25 ,14 ,185 ,185 ,126 ,33 ,14 ,26 ,14 ,-,-,-,114 ,5 ,3 ,13 ,-,-,7 ,6 ,2 ,7
2021-02-06,390 ,362 ,28 ,5,25 ,31 ,51 ,40 ,60 ,77 ,63 ,30 ,13 ,197 ,193 ,143 ,14 ,18 ,25 ,12 ,8 ,2 ,-,111 ,1 ,2 ,13 ,4 ,1 ,7 ,12 ,6 ,11
2021-02-07,371 ,325 ,46 ,7,21 ,26 ,51 ,47 ,44 ,79 ,66 ,26 ,11 ,214 ,157 ,144 ,9 ,12 ,17 ,10 ,6 ,1 ,1 ,112 ,6 ,1 ,14 ,-,4 ,1 ,4 ,2 ,27
2021-02-08,288 ,264 ,24 ,3,19 ,9 ,33 ,32 ,53 ,52 ,59 ,22 ,9 ,152 ,136 ,112 ,9 ,21 ,18 ,7 ,4 ,1 ,1 ,83 ,4 ,-,10 ,-,-,6 ,4 ,-,8
2021-02-09,303 ,273 ,30 ,8,15 ,26 ,34 ,40 ,52 ,59 ,38 ,28 ,11 ,158 ,145 ,90 ,9 ,9 ,16 ,8 ,2 ,3 ,1 ,126 ,3 ,3 ,5 ,3 ,-,5 ,7 ,2 ,11
2021-02-10,444 ,414 ,30 ,4,22 ,53 ,53 ,68 ,70 ,84 ,54 ,30 ,10 ,250 ,194 ,175 ,19 ,16 ,20 ,14 ,-,-,1 ,169 ,5 ,2 ,2 ,2 ,2 ,2 ,9 ,-,6
2021-02-11,504 ,467 ,37 ,10,27 ,28 ,72 ,60 ,65 ,97 ,91 ,40 ,24 ,244 ,260 ,183 ,29 ,13 ,25 ,13 ,3 ,2 ,-,188 ,11 ,4 ,1 ,7 ,-,1 ,5 ,4 ,15
2021-02-12,403 ,384 ,19 ,11,20 ,30 ,44 ,64 ,47 ,76 ,72 ,38 ,12 ,199 ,204 ,158 ,27 ,12 ,43 ,6 ,1 ,-,2 ,105 ,6 ,6 ,13 ,2 ,4 ,4 ,4 ,4 ,6
2021-02-13,362 ,345 ,17 ,7,21 ,24 ,56 ,48 ,49 ,54 ,56 ,34 ,20 ,187 ,175 ,136 ,27 ,14 ,30 ,3 ,5 ,2 ,5 ,99 ,2 ,5 ,15 ,5 ,-,5 ,4 ,-,5
2021-02-14,326 ,304 ,22 ,8,20 ,21 ,49 ,41 ,40 ,52 ,52 ,39 ,12 ,160 ,166 ,152 ,15 ,3 ,19 ,2 ,2 ,3 ,2 ,80 ,5 ,5 ,12 ,6 ,2 ,5 ,6 ,-,7
2021-02-15,343 ,322 ,21 ,5,19 ,29 ,42 ,49 ,47 ,53 ,51 ,32 ,21 ,166 ,177 ,150 ,15 ,13 ,12 ,3 ,8 ,4 ,-,102 ,1 ,-,9 ,4 ,5 ,8 ,3 ,-,6
2021-02-16,457 ,429 ,28 ,7,25 ,31 ,65 ,76 ,78 ,73 ,67 ,27 ,15 ,248 ,209 ,161 ,19 ,12 ,21 ,2 ,4 ,7 ,-,134 ,5 ,7 ,58 ,5 ,2 ,3 ,8 ,1 ,8
2021-02-17,621 ,590 ,31 ,4,32 ,38 ,93 ,123 ,88 ,100 ,96 ,36 ,15 ,305 ,316 ,258 ,19 ,14 ,21 ,3 ,7 ,9 ,2 ,154 ,3 ,6 ,75 ,6 ,15 ,15 ,8 ,-,6
2021-02-18,621 ,590 ,31 ,6,37 ,30 ,82 ,127 ,78 ,124 ,96 ,28 ,19 ,320 ,301 ,185 ,28 ,9 ,17 ,16 ,12 ,6 ,1 ,241 ,4 ,17 ,28 ,6 ,4 ,23 ,7 ,5 ,12
2021-02-19,561 ,533 ,28 ,6,35 ,38 ,91 ,84 ,79 ,93 ,72 ,33 ,36 ,267 ,294 ,180 ,16 ,11 ,38 ,4 ,4 ,12 ,1 ,189 ,7 ,18 ,24 ,3 ,10 ,22 ,9 ,3 ,10
2021-02-20,448 ,416 ,32 ,3,35 ,28 ,59 ,74 ,69 ,69 ,68 ,27 ,19 ,238 ,210 ,123 ,14 ,9 ,37 ,5 ,2 ,1 ,-,170 ,5 ,16 ,12 ,8 ,10 ,19 ,8 ,2 ,7
2021-02-21,416 ,391 ,25 ,4,23 ,31 ,63 ,66 ,44 ,65 ,65 ,37 ,22 ,202 ,214 ,130 ,12 ,8 ,21 ,6 ,-,4 ,1 ,171 ,6 ,6 ,10 ,8 ,8 ,7 ,7 ,3 ,8
2021-02-22,332 ,313 ,19 ,5,22 ,30 ,57 ,48 ,28 ,54 ,55 ,23 ,15 ,161 ,171 ,106 ,12 ,4 ,19 ,5 ,3 ,1 ,-,121 ,20 ,7 ,6 ,4 ,3 ,11 ,6 ,-,4
2021-02-23,356 ,329 ,27 ,11,20 ,22 ,57 ,58 ,47 ,63 ,55 ,18 ,16 ,191 ,165 ,125 ,12 ,10 ,14 ,7 ,1 ,2 ,1 ,127 ,14 ,4 ,8 ,7 ,6 ,8 ,5 ,-,5
2021-02-24,440 ,417 ,23 ,3,21 ,30 ,71 ,70 ,65 ,70 ,62 ,34 ,17 ,208 ,232 ,144 ,13 ,19 ,18 ,35 ,2 ,1 ,2 ,143 ,9 ,1 ,12 ,8 ,1 ,18 ,8 ,2 ,4
2021-02-25,395 ,368 ,27 ,5,23 ,31 ,62 ,68 ,67 ,68 ,46 ,19 ,11 ,200 ,195 ,122 ,18 ,14 ,22 ,15 ,-,2 ,-,138 ,2 ,4 ,16 ,5 ,11 ,9 ,2 ,5 ,10
2021-02-26,387 ,363 ,24 ,4,13 ,27 ,55 ,66 ,54 ,76 ,62 ,22 ,12 ,195 ,192 ,131 ,11 ,10 ,15 ,11 ,6 ,1 ,1 ,141 ,6 ,10 ,3 ,16 ,5 ,6 ,6 ,-,8
2021-02-27,415 ,405 ,10 ,10,22 ,31 ,68 ,71 ,62 ,71 ,53 ,25 ,12 ,210 ,205 ,131 ,9 ,6 ,27 ,12 ,2 ,3 ,1 ,169 ,6 ,8 ,4 ,20 ,5 ,7 ,1 ,1 ,3
2021-02-28,355 ,333 ,22 ,8,13 ,29 ,48 ,43 ,55 ,78 ,51 ,25 ,13 ,182 ,173 ,120 ,5 ,6 ,13 ,14 ,1 ,5 ,6 ,141 ,4 ,10 ,7 ,7 ,-,4 ,2 ,1 ,9
2021-03-01,355 ,338 ,17 ,2,31 ,30 ,43 ,58 ,45 ,65 ,54 ,16 ,13 ,184 ,171 ,92 ,16 ,10 ,14 ,8 ,-,2 ,1 ,160 ,5 ,8 ,4 ,10 ,2 ,13 ,5 ,-,5
2021-03-02,344 ,319 ,25 ,1,30 ,29 ,49 ,59 ,52 ,56 ,39 ,19 ,11 ,172 ,172 ,122 ,17 ,14 ,11 ,4 ,1 ,-,5 ,116 ,2 ,6 ,4 ,9 ,7 ,7 ,5 ,5 ,9
2021-03-03,444 ,426 ,18 ,6,47 ,42 ,57 ,69 ,81 ,64 ,51 ,21 ,12 ,259 ,185 ,119 ,8 ,6 ,20 ,3 ,2 ,1 ,4 ,227 ,6 ,19 ,4 ,5 ,3 ,6 ,5 ,4 ,2
2021-03-04,424 ,401 ,23 ,7,12 ,44 ,66 ,79 ,73 ,73 ,46 ,20 ,11 ,230 ,194 ,118 ,18 ,20 ,18 ,6 ,3 ,-,-,186 ,6 ,12 ,4 ,6 ,1 ,7 ,10 ,3 ,6
2021-03-05,398 ,381 ,17 ,8,12 ,25 ,61 ,59 ,73 ,75 ,54 ,25 ,14 ,212 ,186 ,129 ,20 ,3 ,13 ,6 ,-,3 ,1 ,173 ,4 ,19 ,9 ,3 ,-,6 ,3 ,2 ,4
2021-03-06,418 ,404 ,14 ,5,21 ,28 ,85 ,64 ,65 ,65 ,58 ,23 ,9 ,227 ,191 ,128 ,12 ,4 ,20 ,3 ,-,4 ,2 ,173 ,7 ,22 ,7 ,4 ,3 ,13 ,5 ,5 ,6
2021-03-07,416 ,398 ,18 ,2,18 ,31 ,77 ,65 ,53 ,66 ,53 ,37 ,16 ,218 ,198 ,132 ,6 ,8 ,28 ,4 ,1 ,2 ,2 ,172 ,10 ,9 ,6 ,5 ,6 ,13 ,3 ,4 ,5
2021-03-08,346 ,335 ,11 ,8,19 ,33 ,51 ,57 ,48 ,67 ,42 ,24 ,5 ,197 ,149 ,100 ,12 ,6 ,15 ,15 ,-,3 ,1 ,128 ,10 ,20 ,14 ,4 ,6 ,3 ,1 ,3 ,5
2021-03-09,446 ,427 ,19 ,3,28 ,23 ,55 ,68 ,83 ,73 ,76 ,31 ,9 ,229 ,217 ,102 ,19 ,3 ,20 ,33 ,1 ,11 ,-,188 ,13 ,21 ,15 ,8 ,3 ,2 ,1 ,2 ,4
2021-03-10,470 ,452 ,18 ,3,26 ,39 ,57 ,95 ,69 ,69 ,63 ,30 ,22 ,253 ,217 ,138 ,7 ,1 ,23 ,1 ,3 ,21 ,-,203 ,20 ,21 ,6 ,5 ,3 ,4 ,7 ,2 ,5
2021-03-11,465 ,444 ,21 ,4,28 ,43 ,53 ,78 ,75 ,66 ,81 ,27 ,14 ,233 ,232 ,138 ,14 ,4 ,18 ,1 ,1 ,23 ,-,184 ,30 ,6 ,4 ,8 ,3 ,11 ,8 ,2 ,10
2021-03-12,488 ,467 ,21 ,10,32 ,38 ,69 ,75 ,67 ,74 ,75 ,43 ,15 ,251 ,237 ,140 ,15 ,4 ,31 ,2 ,-,5 ,2 ,166 ,12 ,27 ,3 ,4 ,4 ,9 ,56 ,2 ,6
2021-03-13,490 ,474 ,16 ,5,19 ,27 ,49 ,73 ,75 ,105 ,85 ,35 ,22 ,234 ,256 ,140 ,17 ,9 ,26 ,3 ,1 ,1 ,-,164 ,18 ,16 ,9 ,2 ,1 ,14 ,62 ,1 ,6
2021-03-14,459 ,436 ,23 ,2,15 ,26 ,70 ,85 ,74 ,82 ,64 ,26 ,17 ,237 ,222 ,112 ,13 ,6 ,20 ,1 ,-,1 ,-,203 ,16 ,7 ,2 ,7 ,2 ,9 ,53 ,1 ,6
2021-03-15,379 ,367 ,12 ,6,19 ,24 ,57 ,65 ,53 ,81 ,55 ,19 ,6 ,213 ,166 ,109 ,4 ,5 ,18 ,1 ,2 ,2 ,2 ,161 ,10 ,9 ,6 ,5 ,1 ,3 ,31 ,3 ,7
2021-03-16,363 ,345 ,18 ,3,20 ,21 ,35 ,59 ,49 ,89 ,59 ,23 ,8 ,186 ,177 ,79 ,7 ,3 ,14 ,2 ,1 ,3 ,-,148 ,13 ,3 ,4 ,7 ,1 ,4 ,65 ,2 ,7
2021-03-17,469 ,452 ,17 ,8,18 ,30 ,68 ,71 ,85 ,89 ,73 ,29 ,6 ,242 ,227 ,120 ,11 ,14 ,21 ,1 ,1 ,4 ,3 ,186 ,10 ,12 ,6 ,21 ,-,4 ,45 ,1 ,9
2021-03-18,445 ,427 ,18 ,2,22 ,25 ,68 ,75 ,82 ,78 ,64 ,18 ,13 ,244 ,201 ,124 ,7 ,14 ,21 ,1 ,2 ,5 ,1 ,159 ,23 ,8 ,14 ,15 ,-,5 ,35 ,2 ,9
2021-03-19,463 ,441 ,22 ,2,26 ,30 ,46 ,74 ,75 ,88 ,80 ,28 ,16 ,230 ,233 ,146 ,7 ,5 ,24 ,2 ,7 ,3 ,-,157 ,31 ,8 ,5 ,15 ,-,4 ,42 ,-,7
2021-03-20,447 ,435 ,12 ,3,21 ,25 ,83 ,66 ,71 ,79 ,78 ,16 ,8 ,239 ,208 ,115 ,9 ,16 ,12 ,1 ,8 ,3 ,-,189 ,17 ,8 ,6 ,16 ,-,11 ,31 ,1 ,4
2021-03-21,456 ,437 ,19 ,3,21 ,22 ,71 ,69 ,72 ,71 ,84 ,35 ,11 ,246 ,210 ,125 ,19 ,14 ,22 ,2 ,1 ,7 ,-,157 ,14 ,10 ,5 ,11 ,-,5 ,54 ,1 ,9
2021-03-22,415 ,396 ,19 ,1,23 ,21 ,59 ,81 ,67 ,76 ,58 ,24 ,6 ,208 ,207 ,109 ,26 ,14 ,10 ,2 ,-,1 ,-,151 ,21 ,5 ,11 ,7 ,2 ,11 ,37 ,1 ,7
2021-03-23,346 ,331 ,15 ,7,24 ,26 ,51 ,45 ,53 ,49 ,52 ,38 ,8 ,156 ,190 ,97 ,8 ,3 ,13 ,1 ,4 ,8 ,-,124 ,9 ,6 ,8 ,7 ,1 ,20 ,29 ,-,8
2021-03-24,428 ,411 ,17 ,3,25 ,39 ,68 ,77 ,66 ,62 ,56 ,25 ,10 ,229 ,199 ,137 ,17 ,17 ,21 ,2 ,2 ,2 ,-,154 ,18 ,6 ,-,5 ,-,12 ,27 ,-,8
2021-03-25,430 ,419 ,11 ,2,21 ,32 ,70 ,73 ,68 ,87 ,53 ,18 ,8 ,226 ,204 ,127 ,20 ,17 ,12 ,5 ,3 ,-,-,147 ,27 ,17 ,4 ,5 ,1 ,10 ,30 ,-,5
2021-03-26,489 ,466 ,23 ,7,48 ,29 ,73 ,74 ,84 ,77 ,69 ,26 ,9 ,238 ,251 ,121 ,11 ,14 ,29 ,3 ,14 ,-,-,196 ,24 ,13 ,3 ,3 ,2 ,13 ,37 ,3 ,3
2021-03-27,505 ,490 ,15 ,5,28 ,48 ,62 ,75 ,78 ,86 ,81 ,37 ,10 ,245 ,260 ,127 ,33 ,23 ,39 ,5 ,10 ,5 ,1 ,145 ,36 ,39 ,2 ,5 ,-,11 ,19 ,2 ,3
2021-03-28,482 ,462 ,20 ,1,28 ,40 ,81 ,62 ,63 ,66 ,77 ,35 ,30 ,253 ,229 ,138 ,56 ,10 ,33 ,2 ,8 ,4 ,-,153 ,19 ,16 ,8 ,5 ,1 ,7 ,13 ,-,9
2021-03-29,382 ,369 ,13 ,4,13 ,32 ,53 ,44 ,67 ,81 ,59 ,24 ,9 ,198 ,184 ,107 ,53 ,10 ,18 ,2 ,2 ,3 ,-,131 ,6 ,12 ,1 ,8 ,1 ,3 ,20 ,1 ,4
2021-03-30,447 ,429 ,18 ,3,20 ,39 ,67 ,64 ,84 ,78 ,60 ,26 ,9 ,240 ,207 ,145 ,43 ,12 ,18 ,1 ,11 ,3 ,2 ,117 ,13 ,28 ,5 ,25 ,-,5 ,16 ,-,3
2021-03-31,506 ,491 ,15 ,2,34 ,38 ,68 ,73 ,101 ,81 ,65 ,27 ,19 ,239 ,267 ,158 ,58 ,15 ,25 ,2 ,7 ,11 ,17 ,111 ,16 ,21 ,8 ,20 ,-,6 ,22 ,2 ,7
2021-04-01,551 ,537 ,14 ,4,38 ,48 ,91 ,71 ,81 ,97 ,81 ,27 ,17 ,281 ,270 ,199 ,54 ,7 ,20 ,3 ,10 ,5 ,13 ,130 ,20 ,20 ,15 ,22 ,1 ,7 ,21 ,2 ,2
2021-04-02,557 ,532 ,25 ,2,22 ,36 ,91 ,91 ,85 ,94 ,69 ,47 ,22 ,294 ,263 ,166 ,38 ,17 ,23 ,1 ,19 ,7 ,8 ,160 ,10 ,19 ,10 ,15 ,1 ,30 ,18 ,4 ,11
2021-04-03,543 ,521 ,22 ,3,25 ,43 ,78 ,76 ,97 ,88 ,93 ,29 ,14 ,274 ,269 ,155 ,61 ,10 ,21 ,3 ,19 ,3 ,10 ,147 ,17 ,11 ,10 ,20 ,1 ,17 ,28 ,1 ,9
2021-04-04,543 ,514 ,29 ,4,21 ,40 ,81 ,87 ,80 ,95 ,102 ,28 ,9 ,246 ,297 ,149 ,61 ,15 ,22 ,4 ,29 ,11 ,3 ,150 ,6 ,14 ,12 ,24 ,1 ,16 ,14 ,2 ,10
2021-04-05,473 ,449 ,24 ,4,17 ,42 ,61 ,50 ,73 ,84 ,93 ,37 ,16 ,227 ,246 ,152 ,48 ,22 ,22 ,-,13 ,1 ,4 ,111 ,14 ,7 ,14 ,16 ,5 ,20 ,12 ,2 ,10
2021-04-06,477 ,459 ,18 ,4,29 ,38 ,57 ,52 ,82 ,108 ,66 ,35 ,10 ,231 ,246 ,147 ,34 ,16 ,27 ,6 ,22 ,4 ,-,107 ,15 ,12 ,6 ,29 ,15 ,25 ,7 ,-,5
2021-04-07,668 ,653 ,15 ,4,28 ,74 ,90 ,88 ,114 ,130 ,98 ,35 ,11 ,334 ,334 ,198 ,38 ,16 ,48 ,2 ,61 ,26 ,1 ,175 ,16 ,17 ,12 ,10 ,7 ,9 ,25 ,3 ,4
2021-04-08,700 ,674 ,26 ,2,35 ,73 ,94 ,116 ,110 ,125 ,87 ,48 ,12 ,342 ,358 ,244 ,52 ,10 ,25 ,-,25 ,13 ,7 ,230 ,7 ,8 ,20 ,24 ,1 ,11 ,11 ,5 ,7
2021-04-09,671 ,644 ,27 ,6,37 ,50 ,95 ,84 ,125 ,132 ,99 ,37 ,12 ,331 ,340 ,215 ,53 ,18 ,45 ,5 ,26 ,9 ,5 ,203 ,3 ,7 ,18 ,22 ,11 ,7 ,15 ,2 ,7
2021-04-10,677 ,662 ,15 ,1,34 ,70 ,88 ,76 ,126 ,116 ,96 ,41 ,30 ,336 ,341 ,201 ,56 ,5 ,24 ,1 ,13 ,25 ,4 ,202 ,6 ,12 ,15 ,23 ,7 ,26 ,46 ,7 ,4
2021-04-11,614 ,594 ,20 ,3,34 ,58 ,86 ,80 ,90 ,113 ,92 ,45 ,16 ,339 ,275 ,214 ,45 ,6 ,17 ,-,7 ,11 ,1 ,186 ,5 ,10 ,22 ,40 ,6 ,13 ,16 ,7 ,8
2021-04-12,587 ,560 ,27 ,2,28 ,41 ,71 ,79 ,94 ,126 ,95 ,32 ,21 ,300 ,287 ,162 ,47 ,16 ,12 ,4 ,17 ,34 ,5 ,176 ,6 ,20 ,18 ,24 ,3 ,15 ,17 ,3 ,8
2021-04-13,542 ,528 ,14 ,5,26 ,44 ,65 ,69 ,80 ,131 ,72 ,37 ,18 ,281 ,261 ,158 ,39 ,9 ,16 ,9 ,13 ,32 ,2 ,168 ,13 ,8 ,14 ,25 ,6 ,10 ,15 ,-,5
2021-04-14,731 ,714 ,17 ,7,32 ,50 ,111 ,112 ,114 ,148 ,107 ,31 ,26 ,379 ,352 ,247 ,49 ,11 ,26 ,5 ,11 ,30 ,2 ,238 ,6 ,29 ,10 ,11 ,1 ,14 ,27 ,2 ,12
2021-04-15,698 ,670 ,28 ,6,25 ,44 ,108 ,104 ,118 ,145 ,85 ,47 ,22 ,353 ,345 ,217 ,54 ,18 ,17 ,4 ,10 ,21 ,3 ,224 ,18 ,20 ,4 ,16 ,11 ,19 ,24 ,3 ,15
2021-04-16,673 ,652 ,21 ,2,35 ,52 ,87 ,88 ,110 ,140 ,105 ,40 ,16 ,323 ,350 ,216 ,44 ,4 ,12 ,11 ,6 ,24 ,3 ,221 ,7 ,9 ,13 ,15 ,6 ,24 ,44 ,3 ,11
2021-04-17,658 ,630 ,28 ,4,20 ,44 ,94 ,87 ,109 ,139 ,94 ,46 ,25 ,327 ,331 ,217 ,35 ,12 ,23 ,4 ,4 ,26 ,-,209 ,12 ,12 ,7 ,16 ,6 ,29 ,38 ,1 ,7
2021-04-18,671 ,648 ,23 ,3,30 ,53 ,103 ,93 ,109 ,102 ,113 ,47 ,21 ,344 ,327 ,204 ,31 ,13 ,19 ,13 ,5 ,21 ,2 ,184 ,19 ,10 ,22 ,21 ,2 ,28 ,67 ,1 ,9
2021-04-19,532 ,512 ,20 ,4,35 ,36 ,61 ,70 ,78 ,113 ,87 ,40 ,12 ,278 ,254 ,137 ,26 ,24 ,11 ,11 ,21 ,28 ,1 ,146 ,21 ,10 ,13 ,16 ,3 ,19 ,35 ,2 ,8
2021-04-20,549 ,529 ,20 ,1,21 ,62 ,59 ,72 ,111 ,101 ,76 ,34 ,13 ,295 ,254 ,148 ,29 ,15 ,18 ,4 ,8 ,21 ,1 ,189 ,18 ,14 ,16 ,3 ,4 ,21 ,29 ,1 ,10
2021-04-21,731 ,692 ,39 ,4,39 ,71 ,114 ,101 ,128 ,130 ,94 ,35 ,19 ,366 ,365 ,218 ,33 ,25 ,15 ,17 ,17 ,39 ,1 ,234 ,15 ,20 ,8 ,8 ,4 ,16 ,41 ,7 ,13
2021-04-22,735 ,715 ,20 ,2,29 ,58 ,96 ,102 ,132 ,154 ,107 ,39 ,18 ,386 ,349 ,230 ,37 ,24 ,14 ,9 ,13 ,32 ,1 ,222 ,24 ,19 ,6 ,6 ,8 ,23 ,58 ,4 ,5
2021-04-23,797 ,758 ,39 ,3,53 ,55 ,112 ,112 ,119 ,141 ,94 ,56 ,55 ,393 ,404 ,204 ,33 ,12 ,10 ,16 ,2 ,38 ,3 ,298 ,15 ,30 ,10 ,9 ,6 ,22 ,63 ,3 ,23
2021-04-24,785 ,759 ,26 ,1,32 ,76 ,155 ,104 ,112 ,143 ,99 ,45 ,19 ,405 ,380 ,253 ,44 ,4 ,18 ,15 ,10 ,50 ,1 ,244 ,9 ,15 ,14 ,9 ,1 ,32 ,52 ,3 ,11
2021-04-25,644 ,603 ,41 ,1,27 ,58 ,110 ,94 ,93 ,113 ,84 ,47 ,18 ,323 ,321 ,175 ,43 ,14 ,15 ,8 ,6 ,43 ,-,191 ,10 ,15 ,6 ,7 ,9 ,24 ,45 ,3 ,30
2021-04-26,499 ,469 ,30 ,4,24 ,31 ,91 ,56 ,77 ,94 ,81 ,29 ,16 ,253 ,246 ,154 ,25 ,7 ,14 ,15 ,4 ,13 ,1 ,150 ,12 ,16 ,7 ,6 ,-,25 ,29 ,1 ,20
2021-04-27,512 ,477 ,35 ,3,26 ,36 ,82 ,72 ,79 ,101 ,80 ,27 ,9 ,270 ,242 ,116 ,30 ,12 ,14 ,6 ,8 ,18 ,2 ,195 ,2 ,10 ,14 ,5 ,2 ,22 ,28 ,5 ,23
2021-04-28,769 ,748 ,21 ,1,31 ,45 ,106 ,110 ,120 ,137 ,133 ,68 ,19 ,376 ,393 ,257 ,33 ,29 ,20 ,12 ,10 ,33 ,2 ,194 ,11 ,22 ,38 ,13 ,5 ,25 ,55 ,3 ,7
2021-04-29,679 ,648 ,31 ,4,49 ,48 ,94 ,100 ,106 ,111 ,113 ,37 ,21 ,327 ,352 ,227 ,40 ,19 ,25 ,8 ,4 ,46 ,-,182 ,13 ,10 ,16 ,9 ,2 ,28 ,38 ,1 ,11
2021-04-30,661 ,642 ,19 ,3,30 ,44 ,104 ,100 ,109 ,103 ,96 ,40 ,35 ,353 ,308 ,227 ,32 ,14 ,14 ,4 ,31 ,61 ,1 ,151 ,4 ,12 ,12 ,21 ,5 ,29 ,37 ,1 ,5
2021-05-01,627 ,593 ,34 ,3,30 ,48 ,75 ,93 ,110 ,120 ,90 ,39 ,22 ,314 ,313 ,195 ,29 ,12 ,13 ,4 ,13 ,52 ,4 ,190 ,4 ,5 ,17 ,10 ,2 ,12 ,43 ,7 ,15
2021-05-02,606 ,585 ,21 ,2,23 ,44 ,74 ,99 ,91 ,126 ,89 ,34 ,26 ,310 ,296 ,182 ,33 ,10 ,17 ,15 ,9 ,52 ,1 ,145 ,4 ,11 ,16 ,12 ,1 ,30 ,61 ,1 ,6
2021-05-03,488 ,465 ,23 ,1,32 ,33 ,60 ,75 ,87 ,94 ,60 ,33 ,14 ,236 ,252 ,127 ,16 ,12 ,15 ,5 ,5 ,21 ,4 ,130 ,10 ,9 ,10 ,12 ,24 ,32 ,44 ,1 ,11
2021-05-04,541 ,514 ,27 ,6,26 ,47 ,82 ,92 ,83 ,92 ,75 ,23 ,21 ,273 ,268 ,184 ,16 ,10 ,13 ,4 ,13 ,29 ,6 ,124 ,22 ,7 ,19 ,12 ,9 ,22 ,36 ,8 ,7
2021-05-05,676 ,651 ,25 ,7,32 ,57 ,98 ,106 ,116 ,116 ,102 ,35 ,14 ,368 ,308 ,238 ,23 ,6 ,16 ,8 ,18 ,22 ,-,168 ,48 ,11 ,10 ,6 ,12 ,38 ,27 ,13 ,12
2021-05-06,574 ,562 ,12 ,4,34 ,38 ,86 ,82 ,104 ,112 ,71 ,33 ,14 ,295 ,279 ,212 ,28 ,7 ,19 ,8 ,18 ,38 ,1 ,142 ,12 ,6 ,15 ,5 ,10 ,22 ,17 ,6 ,8
2021-05-07,525 ,509 ,16 ,9,32 ,52 ,76 ,69 ,70 ,106 ,79 ,30 ,11 ,258 ,267 ,179 ,21 ,9 ,14 ,21 ,7 ,35 ,-,139 ,8 ,5 ,9 ,6 ,12 ,12 ,32 ,12 ,4
2021-05-08,701 ,672 ,29 ,5,29 ,58 ,113 ,111 ,112 ,125 ,104 ,34 ,15 ,339 ,362 ,242 ,27 ,13 ,22 ,5 ,9 ,48 ,5 ,194 ,27 ,9 ,3 ,5 ,12 ,21 ,37 ,5 ,17
2021-05-09,564 ,522 ,42 ,9,40 ,49 ,78 ,82 ,72 ,108 ,76 ,38 ,21 ,293 ,271 ,195 ,10 ,6 ,11 ,6 ,2 ,28 ,1 ,149 ,7 ,9 ,10 ,8 ,24 ,19 ,30 ,18 ,31
2021-05-10,463 ,436 ,27 ,1,16 ,53 ,71 ,64 ,72 ,69 ,75 ,35 ,8 ,236 ,227 ,141 ,20 ,4 ,13 ,9 ,4 ,24 ,7 ,137 ,5 ,4 ,15 ,9 ,9 ,19 ,16 ,14 ,13
2021-05-11,510 ,483 ,27 ,4,18 ,41 ,91 ,80 ,101 ,79 ,63 ,28 ,9 ,253 ,257 ,163 ,14 ,8 ,21 ,24 ,7 ,19 ,-,137 ,12 ,4 ,18 ,12 ,10 ,15 ,10 ,24 ,12
2021-05-12,634 ,612 ,22 ,5,38 ,39 ,90 ,88 ,113 ,120 ,87 ,44 ,15 ,325 ,309 ,222 ,10 ,6 ,20 ,22 ,8 ,31 ,1 ,187 ,17 ,12 ,10 ,22 ,17 ,7 ,16 ,13 ,13
2021-05-13,715 ,692 ,23 ,7,35 ,64 ,94 ,113 ,127 ,133 ,95 ,38 ,16 ,373 ,342 ,227 ,20 ,5 ,17 ,23 ,18 ,31 ,2 ,226 ,17 ,10 ,19 ,10 ,12 ,23 ,32 ,9 ,14
2021-05-14,747 ,729 ,18 ,2,32 ,60 ,101 ,112 ,133 ,119 ,118 ,41 ,31 ,367 ,380 ,231 ,24 ,9 ,34 ,11 ,31 ,26 ,7 ,173 ,25 ,4 ,22 ,14 ,50 ,35 ,32 ,10 ,9
2021-05-15,681 ,661 ,20 ,3,35 ,61 ,96 ,109 ,111 ,131 ,84 ,42 ,12 ,360 ,321 ,254 ,42 ,5 ,16 ,11 ,10 ,22 ,3 ,170 ,12 ,5 ,12 ,11 ,26 ,19 ,40 ,14 ,9
2021-05-16,610 ,572 ,38 ,4,46 ,43 ,90 ,82 ,94 ,115 ,83 ,42 ,15 ,312 ,298 ,213 ,31 ,6 ,15 ,14 ,4 ,11 ,-,161 ,5 ,20 ,18 ,14 ,13 ,11 ,45 ,9 ,20
2021-05-17,619 ,597 ,22 ,3,29 ,53 ,115 ,90 ,97 ,106 ,80 ,37 ,12 ,336 ,283 ,195 ,12 ,19 ,14 ,27 ,2 ,16 ,-,150 ,35 ,23 ,16 ,9 ,20 ,27 ,30 ,15 ,9
2021-05-18,528 ,506 ,22 ,1,31 ,50 ,90 ,83 ,81 ,86 ,75 ,25 ,7 ,283 ,245 ,172 ,13 ,23 ,16 ,11 ,12 ,6 ,4 ,137 ,25 ,13 ,15 ,7 ,12 ,23 ,16 ,11 ,12
2021-05-19,654 ,637 ,17 ,8,30 ,56 ,102 ,100 ,105 ,122 ,95 ,33 ,11 ,356 ,298 ,249 ,27 ,23 ,23 ,4 ,10 ,27 ,3 ,164 ,16 ,21 ,17 ,9 ,10 ,24 ,16 ,4 ,7
2021-05-20,646 ,619 ,27 ,4,31 ,71 ,102 ,103 ,124 ,96 ,75 ,33 ,11 ,308 ,338 ,242 ,17 ,9 ,13 ,15 ,8 ,25 ,9 ,187 ,8 ,13 ,19 ,7 ,7 ,33 ,12 ,6 ,16
2021-05-21,561 ,542 ,19 ,6,46 ,47 ,82 ,87 ,100 ,88 ,81 ,25 ,5 ,310 ,251 ,172 ,15 ,19 ,12 ,13 ,15 ,13 ,1 ,164 ,7 ,12 ,41 ,16 ,17 ,11 ,18 ,5 ,10
2021-05-22,666 ,633 ,33 ,4,27 ,48 ,131 ,112 ,113 ,101 ,85 ,37 ,12 ,345 ,321 ,208 ,28 ,56 ,15 ,15 ,5 ,29 ,-,165 ,29 ,6 ,17 ,12 ,16 ,16 ,21 ,7 ,21
2021-05-23,585 ,570 ,15 ,5,24 ,43 ,98 ,97 ,98 ,101 ,82 ,29 ,13 ,307 ,278 ,181 ,15 ,57 ,12 ,9 ,12 ,24 ,1 ,151 ,19 ,9 ,24 ,14 ,10 ,12 ,17 ,8 ,10
2021-05-24,530 ,505 ,25 ,3,34 ,39 ,73 ,93 ,92 ,95 ,75 ,25 ,4 ,286 ,244 ,139 ,15 ,48 ,18 ,16 ,11 ,12 ,14 ,122 ,20 ,7 ,31 ,4 ,14 ,12 ,17 ,19 ,11
2021-05-25,516 ,481 ,35 ,4,18 ,34 ,83 ,94 ,92 ,93 ,74 ,24 ,4 ,289 ,227 ,138 ,16 ,29 ,11 ,21 ,15 ,7 ,14 ,136 ,21 ,9 ,22 ,5 ,7 ,12 ,14 ,17 ,22
2021-05-26,705 ,684 ,21 ,2,44 ,49 ,104 ,119 ,127 ,128 ,91 ,29 ,14 ,357 ,348 ,261 ,22 ,30 ,19 ,21 ,17 ,15 ,9 ,189 ,25 ,13 ,19 ,6 ,11 ,9 ,20 ,6 ,13
2021-05-27,629 ,620 ,9 ,3,26 ,26 ,131 ,93 ,100 ,122 ,83 ,32 ,16 ,326 ,303 ,218 ,18 ,27 ,30 ,15 ,23 ,6 ,8 ,170 ,7 ,9 ,17 ,6 ,16 ,12 ,18 ,26 ,3
2021-05-28,587 ,571 ,16 ,3,12 ,50 ,117 ,90 ,115 ,87 ,77 ,24 ,15 ,319 ,268 ,214 ,13 ,24 ,26 ,8 ,18 ,12 ,8 ,149 ,16 ,14 ,21 ,4 ,7 ,14 ,21 ,7 ,11
2021-05-29,533 ,505 ,28 ,5,31 ,47 ,103 ,77 ,94 ,98 ,63 ,17 ,3 ,271 ,262 ,194 ,14 ,22 ,18 ,9 ,11 ,8 ,1 ,139 ,10 ,22 ,12 ,6 ,5 ,13 ,20 ,13 ,16
2021-05-30,480 ,464 ,16 ,6,16 ,43 ,90 ,74 ,71 ,89 ,68 ,23 ,6 ,249 ,231 ,160 ,13 ,20 ,18 ,9 ,7 ,7 ,6 ,160 ,17 ,6 ,7 ,7 ,9 ,9 ,10 ,8 ,7
2021-05-31,430 ,411 ,19 ,2,14 ,26 ,89 ,68 ,65 ,76 ,60 ,23 ,9 ,202 ,228 ,130 ,17 ,31 ,12 ,13 ,6 ,3 ,3 ,130 ,11 ,7 ,4 ,9 ,6 ,18 ,16 ,7 ,7
2021-06-01,459 ,449 ,10 ,4,25 ,65 ,69 ,71 ,68 ,79 ,59 ,18 ,5 ,270 ,189 ,147 ,28 ,42 ,17 ,5 ,19 ,2 ,3 ,116 ,13 ,11 ,12 ,6 ,5 ,9 ,8 ,12 ,4
2021-06-02,677 ,654 ,23 ,2,28 ,43 ,101 ,119 ,133 ,148 ,70 ,27 ,8 ,351 ,326 ,258 ,21 ,39 ,20 ,5 ,23 ,14 ,3 ,192 ,14 ,5 ,7 ,10 ,10 ,12 ,21 ,14 ,9
2021-06-03,681 ,672 ,9 ,3,30 ,57 ,115 ,111 ,121 ,130 ,78 ,30 ,9 ,337 ,344 ,215 ,32 ,74 ,22 ,4 ,15 ,8 ,1 ,211 ,17 ,5 ,13 ,12 ,3 ,11 ,23 ,12 ,3
2021-06-04,695 ,674 ,21 ,1,43 ,52 ,115 ,124 ,129 ,116 ,85 ,16 ,15 ,381 ,314 ,206 ,14 ,65 ,10 ,7 ,18 ,15 ,3 ,209 ,18 ,22 ,9 ,3 ,12 ,11 ,44 ,21 ,8
2021-06-05,744 ,725 ,19 ,2,40 ,60 ,125 ,116 ,119 ,137 ,103 ,33 ,11 ,395 ,349 ,277 ,17 ,41 ,16 ,9 ,31 ,5 ,4 ,211 ,14 ,24 ,10 ,14 ,14 ,10 ,20 ,22 ,5
2021-06-06,556 ,541 ,15 ,2,25 ,47 ,112 ,74 ,113 ,92 ,60 ,28 ,5 ,297 ,259 ,179 ,21 ,46 ,23 ,2 ,18 ,7 ,-,160 ,10 ,17 ,13 ,-,9 ,10 ,17 ,19 ,5
2021-06-07,485 ,454 ,31 ,1,25 ,31 ,90 ,81 ,84 ,83 ,68 ,17 ,6 ,267 ,218 ,159 ,12 ,26 ,15 ,4 ,20 ,10 ,-,151 ,2 ,11 ,9 ,3 ,3 ,9 ,28 ,13 ,10
2021-06-08,454 ,435 ,19 ,1,25 ,34 ,80 ,79 ,83 ,84 ,53 ,10 ,6 ,256 ,198 ,139 ,15 ,33 ,13 ,1 ,22 ,3 ,-,130 ,5 ,6 ,4 ,4 ,8 ,7 ,48 ,8 ,8
2021-06-09,602 ,581 ,21 ,2,33 ,34 ,99 ,99 ,144 ,110 ,56 ,23 ,4 ,324 ,278 ,183 ,16 ,44 ,23 ,7 ,25 ,6 ,3 ,161 ,30 ,23 ,5 ,6 ,6 ,13 ,39 ,7 ,5
2021-06-10,610 ,593 ,17 ,2,35 ,31 ,109 ,107 ,131 ,103 ,69 ,19 ,6 ,322 ,288 ,212 ,15 ,30 ,22 ,4 ,22 ,7 ,3 ,180 ,16 ,24 ,7 ,2 ,4 ,11 ,33 ,10 ,8
2021-06-11,556 ,541 ,15 ,2,25 ,42 ,113 ,99 ,95 ,102 ,58 ,13 ,9 ,301 ,255 ,204 ,28 ,24 ,18 ,1 ,15 ,15 ,2 ,173 ,11 ,16 ,5 ,4 ,5 ,6 ,20 ,5 ,4
2021-06-12,565 ,525 ,40 ,1,41 ,47 ,94 ,98 ,114 ,82 ,67 ,16 ,6 ,296 ,269 ,208 ,26 ,23 ,20 ,7 ,22 ,6 ,1 ,174 ,11 ,12 ,5 ,2 ,4 ,5 ,25 ,5 ,9
2021-06-13,452 ,419 ,33 ,3,24 ,31 ,69 ,69 ,75 ,82 ,72 ,23 ,7 ,245 ,207 ,176 ,13 ,15 ,15 ,3 ,11 ,2 ,1 ,149 ,10 ,6 ,10 ,1 ,3 ,7 ,8 ,5 ,17
2021-06-14,399 ,360 ,39 ,3,15 ,32 ,68 ,73 ,77 ,74 ,40 ,17 ,3 ,211 ,188 ,122 ,17 ,20 ,14 ,4 ,10 ,-,1 ,122 ,11 ,23 ,7 ,2 ,4 ,4 ,13 ,9 ,16
2021-06-15,373 ,347 ,26 ,4,22 ,24 ,59 ,65 ,73 ,81 ,32 ,11 ,6 ,192 ,181 ,131 ,9 ,16 ,12 ,4 ,15 ,4 ,8 ,120 ,3 ,14 ,7 ,4 ,3 ,5 ,3 ,6 ,9
2021-06-16,545 ,522 ,23 ,1,47 ,52 ,101 ,86 ,109 ,75 ,55 ,14 ,6 ,261 ,284 ,201 ,16 ,16 ,12 ,1 ,29 ,7 ,4 ,190 ,7 ,17 ,8 ,2 ,8 ,3 ,7 ,9 ,8
2021-06-17,540 ,523 ,17 ,1,26 ,37 ,91 ,94 ,93 ,100 ,74 ,22 ,3 ,281 ,259 ,201 ,17 ,7 ,17 ,6 ,18 ,22 ,2 ,183 ,7 ,18 ,5 ,7 ,6 ,3 ,5 ,8 ,8
2021-06-18,507 ,485 ,22 ,2,29 ,38 ,97 ,86 ,94 ,80 ,70 ,10 ,3 ,273 ,234 ,200 ,10 ,11 ,22 ,2 ,13 ,11 ,1 ,153 ,9 ,19 ,7 ,4 ,4 ,11 ,14 ,6 ,10
2021-06-19,482 ,456 ,26 ,1,31 ,44 ,88 ,65 ,84 ,91 ,57 ,21 ,1 ,248 ,234 ,197 ,18 ,13 ,22 ,4 ,5 ,5 ,2 ,145 ,5 ,10 ,12 ,5 ,5 ,4 ,11 ,7 ,12
2021-06-20,429 ,380 ,49 ,5,20 ,26 ,79 ,75 ,74 ,80 ,58 ,11 ,6 ,218 ,211 ,165 ,21 ,16 ,22 ,3 ,8 ,5 ,3 ,113 ,13 ,6 ,10 ,3 ,3 ,6 ,11 ,2 ,19
2021-06-21,357 ,317 ,40 ,2,21 ,39 ,50 ,48 ,74 ,70 ,39 ,13 ,3 ,179 ,178 ,134 ,14 ,18 ,9 ,2 ,15 ,-,2 ,91 ,9 ,3 ,11 ,3 ,10 ,8 ,13 ,3 ,12
2021-06-22,394 ,350 ,44 ,2,18 ,38 ,61 ,68 ,76 ,87 ,32 ,10 ,4 ,210 ,184 ,131 ,6 ,3 ,18 ,2 ,31 ,5 ,6 ,92 ,10 ,16 ,12 ,2 ,8 ,11 ,11 ,1 ,29
2021-06-23,645 ,605 ,40 ,1,39 ,67 ,121 ,97 ,119 ,121 ,58 ,17 ,6 ,356 ,289 ,236 ,16 ,7 ,28 ,4 ,58 ,5 ,8 ,191 ,17 ,10 ,9 ,2 ,2 ,21 ,18 ,-,13
2021-06-24,610 ,576 ,34 ,1,33 ,50 ,120 ,104 ,125 ,94 ,62 ,21 ,1 ,340 ,270 ,252 ,20 ,3 ,15 ,1 ,15 ,13 ,1 ,185 ,5 ,6 ,7 ,6 ,6 ,29 ,23 ,4 ,19
2021-06-25,634 ,602 ,32 ,1,61 ,65 ,127 ,99 ,104 ,101 ,55 ,14 ,8 ,372 ,262 ,269 ,27 ,5 ,29 ,5 ,9 ,16 ,2 ,183 ,13 ,10 ,4 ,2 ,18 ,7 ,17 ,5 ,13
2021-06-26,668 ,611 ,57 ,3,49 ,58 ,130 ,133 ,105 ,125 ,52 ,13 ,3 ,363 ,305 ,263 ,31 ,13 ,12 ,8 ,13 ,22 ,2 ,188 ,35 ,5 ,7 ,5 ,3 ,9 ,12 ,9 ,31
2021-06-27,614 ,570 ,44 ,1,52 ,45 ,133 ,102 ,119 ,94 ,59 ,7 ,3 ,334 ,280 ,242 ,12 ,8 ,25 ,12 ,15 ,6 ,8 ,173 ,19 ,4 ,24 ,6 ,6 ,4 ,14 ,2 ,34
2021-06-28,501 ,472 ,29 ,2,36 ,33 ,112 ,82 ,88 ,85 ,48 ,13 ,4 ,281 ,220 ,185 ,38 ,5 ,31 ,7 ,7 ,8 ,-,162 ,17 ,5 ,8 ,2 ,2 ,1 ,10 ,2 ,11
2021-06-29,595 ,560 ,35 ,2,27 ,66 ,139 ,115 ,96 ,94 ,40 ,13 ,5 ,320 ,275 ,205 ,9 ,8 ,17 ,2 ,25 ,13 ,3 ,230 ,8 ,10 ,11 ,7 ,4 ,6 ,15 ,6 ,16
2021-06-30,794 ,759 ,35 ,1,34 ,58 ,195 ,141 ,168 ,138 ,42 ,15 ,3 ,405 ,389 ,375 ,14 ,11 ,30 ,6 ,26 ,4 ,3 ,240 ,15 ,5 ,8 ,10 ,7 ,4 ,17 ,2 ,17
2021-07-01,761 ,711 ,50 ,3,35 ,78 ,170 ,156 ,138 ,114 ,51 ,14 ,5 ,434 ,327 ,333 ,18 ,7 ,36 ,7 ,16 ,2 ,5 ,249 ,10 ,4 ,15 ,7 ,5 ,5 ,10 ,1 ,31
2021-07-02,825 ,765 ,60 ,3,48 ,74 ,204 ,135 ,158 ,144 ,52 ,8 ,2 ,448 ,377 ,346 ,29 ,9 ,22 ,2 ,25 ,11 ,2 ,264 ,14 ,7 ,27 ,7 ,4 ,7 ,13 ,3 ,33
2021-07-03,794 ,748 ,46 ,1,48 ,99 ,211 ,138 ,143 ,100 ,46 ,9 ,,413 ,381 ,359 ,39 ,8 ,16 ,3 ,28 ,1 ,3 ,252 ,11 ,6 ,16 ,4 ,7 ,4 ,10 ,4 ,23
2021-07-04,743 ,662 ,81 ,1,27 ,79 ,171 ,111 ,159 ,122 ,57 ,10 ,7 ,402 ,341 ,289 ,28 ,3 ,33 ,3 ,32 ,13 ,4 ,231 ,19 ,2 ,7 ,3 ,-,9 ,15 ,2 ,50
2021-07-05,711 ,644 ,67 ,2,43 ,72 ,159 ,129 ,133 ,129 ,33 ,4 ,9 ,360 ,351 ,307 ,25 ,6 ,22 ,7 ,19 ,1 ,4 ,220 ,7 ,3 ,12 ,6 ,6 ,13 ,22 ,6 ,25
2021-07-06,746 ,690 ,56 ,4,42 ,74 ,171 ,128 ,148 ,124 ,38 ,14 ,7 ,386 ,360 ,320 ,29 ,8 ,23 ,4 ,26 ,3 ,5 ,229 ,9 ,2 ,13 ,6 ,4 ,11 ,19 ,5 ,30
2021-07-07,"1,211 ","1,166 ",45 ,1,33 ,121 ,335 ,214 ,226 ,194 ,62 ,20 ,6 ,629 ,582 ,582 ,34 ,13 ,57 ,11 ,30 ,1 ,5 ,367 ,12 ,5 ,16 ,8 ,10 ,6 ,15 ,19 ,20
2021-07-08,"1,275 ","1,227 ",48 ,1,57 ,119 ,352 ,227 ,219 ,214 ,62 ,21 ,4 ,697 ,578 ,550 ,55 ,15 ,64 ,2 ,13 ,9 ,5 ,392 ,16 ,8 ,78 ,3 ,9 ,4 ,10 ,17 ,25
2021-07-09,"1,316 ","1,236 ",80 ,2,66 ,133 ,323 ,238 ,235 ,222 ,77 ,15 ,7 ,695 ,621 ,503 ,58 ,19 ,82 ,4 ,29 ,16 ,1 ,405 ,24 ,14 ,52 ,8 ,5 ,9 ,17 ,31 ,39
2021-07-10,"1,378 ","1,320 ",58 ,2,53 ,147 ,320 ,230 ,257 ,244 ,79 ,27 ,21 ,704 ,674 ,509 ,61 ,14 ,84 ,21 ,48 ,30 ,-,451 ,16 ,19 ,29 ,14 ,2 ,13 ,36 ,10 ,21
2021-07-11,"1,324 ","1,280 ",44 ,5,58 ,128 ,323 ,243 ,234 ,240 ,69 ,24 ,5 ,748 ,576 ,509 ,56 ,23 ,66 ,23 ,32 ,22 ,3 ,407 ,20 ,8 ,32 ,2 ,6 ,12 ,67 ,24 ,12
2021-07-12,"1,100 ","1,063 ",37 ,1,65 ,108 ,275 ,169 ,188 ,220 ,50 ,18 ,7 ,579 ,521 ,403 ,44 ,37 ,56 ,14 ,25 ,8 ,6 ,327 ,18 ,14 ,45 ,4 ,19 ,13 ,40 ,7 ,20
2021-07-13,"1,150 ","1,097 ",53 ,2,87 ,105 ,293 ,209 ,207 ,174 ,57 ,15 ,3 ,620 ,530 ,417 ,50 ,38 ,71 ,9 ,31 ,7 ,8 ,318 ,19 ,8 ,36 ,18 ,13 ,8 ,51 ,19 ,29
2021-07-14,"1,613 ","1,566 ",47 ,2,78 ,179 ,427 ,306 ,278 ,243 ,74 ,21 ,7 ,890 ,723 ,637 ,63 ,52 ,96 ,15 ,41 ,11 ,6 ,464 ,16 ,10 ,36 ,9 ,6 ,22 ,89 ,21 ,19
2021-07-15,"1,599 ","1,554 ",45 ,2,104 ,154 ,388 ,303 ,292 ,238 ,89 ,19 ,12 ,869 ,730 ,519 ,65 ,51 ,90 ,21 ,60 ,19 ,2 ,496 ,25 ,12 ,51 ,24 ,26 ,13 ,88 ,9 ,28
2021-07-16,"1,535 ","1,475 ",60 ,1,80 ,135 ,379 ,300 ,268 ,242 ,109 ,14 ,8 ,829 ,706 ,569 ,50 ,32 ,97 ,23 ,49 ,14 ,7 ,456 ,28 ,14 ,39 ,13 ,8 ,12 ,80 ,10 ,34
2021-07-17,"1,449 ","1,400 ",49 ,4,76 ,137 ,376 ,217 ,244 ,262 ,103 ,24 ,10 ,775 ,674 ,559 ,62 ,29 ,81 ,12 ,33 ,11 ,2 ,393 ,45 ,11 ,52 ,8 ,8 ,16 ,89 ,14 ,24
2021-07-18,"1,453 ","1,402 ",51 ,2,88 ,146 ,351 ,238 ,247 ,256 ,92 ,29 ,6 ,793 ,660 ,522 ,70 ,42 ,83 ,23 ,45 ,12 ,5 ,373 ,52 ,29 ,40 ,5 ,11 ,15 ,99 ,11 ,16
2021-07-19,"1,251 ","1,207 ",44 ,1,121 ,132 ,288 ,198 ,203 ,204 ,75 ,21 ,9 ,668 ,583 ,419 ,65 ,33 ,67 ,14 ,83 ,14 ,8 ,340 ,27 ,4 ,33 ,10 ,16 ,19 ,74 ,11 ,14
2021-07-20,"1,278 ","1,242 ",36 ,1,96 ,130 ,271 ,208 ,243 ,217 ,84 ,21 ,8 ,660 ,618 ,394 ,49 ,30 ,71 ,25 ,73 ,9 ,13 ,383 ,42 ,44 ,30 ,15 ,9 ,19 ,57 ,8 ,7
2021-07-21,"1,781 ","1,725 ",56 ,1,123 ,212 ,403 ,292 ,321 ,287 ,103 ,30 ,10 ,950 ,831 ,604 ,102 ,35 ,128 ,23 ,73 ,18 ,6 ,465 ,54 ,15 ,49 ,19 ,21 ,25 ,89 ,34 ,21
2021-07-22,"1,841 ","1,532 ",309 ,3,119 ,177 ,503 ,303 ,330 ,286 ,87 ,27 ,9 ,"1,058 ",783 ,499 ,104 ,38 ,130 ,11 ,81 ,25 ,10 ,373 ,47 ,28 ,39 ,4 ,18 ,29 ,91 ,24 ,290
2021-07-23,"1,629 ","1,573 ",56 ,3,111 ,164 ,376 ,286 ,271 ,259 ,118 ,32 ,12 ,874 ,755 ,519 ,116 ,60 ,97 ,9 ,67 ,22 ,8 ,415 ,62 ,35 ,28 ,10 ,23 ,16 ,93 ,29 ,20
2021-07-24,"1,627 ","1,572 ",55 ,2,104 ,160 ,397 ,244 ,273 ,282 ,110 ,42 ,15 ,864 ,763 ,465 ,116 ,52 ,84 ,9 ,68 ,19 ,6 ,464 ,46 ,31 ,39 ,42 ,20 ,21 ,111 ,15 ,19
2021-07-25,"1,487 ","1,422 ",65 ,5,79 ,210 ,327 ,255 ,244 ,211 ,113 ,35 ,13 ,802 ,685 ,489 ,108 ,69 ,88 ,13 ,54 ,9 ,9 ,320 ,25 ,41 ,47 ,7 ,16 ,28 ,119 ,14 ,31
2021-07-26,"1,318 ","1,264 ",54 ,4,84 ,150 ,279 ,228 ,217 ,224 ,103 ,27 ,6 ,711 ,607 ,341 ,89 ,60 ,71 ,18 ,71 ,3 ,5 ,350 ,29 ,31 ,65 ,24 ,28 ,22 ,78 ,12 ,21
2021-07-27,"1,363 ","1,274 ",89 ,2,106 ,151 ,325 ,204 ,239 ,217 ,96 ,18 ,7 ,742 ,621 ,351 ,66 ,69 ,65 ,23 ,71 ,5 ,6 ,373 ,61 ,13 ,38 ,32 ,15 ,25 ,88 ,17 ,45
2021-07-28,"1,895 ","1,822 ",73 ,4,127 ,215 ,394 ,306 ,325 ,333 ,135 ,41 ,19 ,950 ,945 ,573 ,102 ,55 ,102 ,27 ,75 ,18 ,11 ,556 ,74 ,40 ,31 ,23 ,20 ,33 ,98 ,23 ,34
2021-07-29,"1,673 ","1,631 ",42 ,2,124 ,186 ,399 ,240 ,295 ,264 ,115 ,36 ,14 ,845 ,828 ,514 ,82 ,56 ,96 ,39 ,69 ,14 ,5 ,469 ,47 ,30 ,47 ,31 ,20 ,22 ,90 ,24 ,18
2021-07-30,"1,710 ","1,662 ",48 ,4,101 ,182 ,352 ,271 ,309 ,306 ,120 ,49 ,20 ,895 ,815 ,488 ,78 ,62 ,119 ,25 ,85 ,18 ,4 ,524 ,20 ,37 ,37 ,23 ,19 ,37 ,99 ,18 ,17
2021-07-31,"1,538 ","1,465 ",73 ,6,96 ,178 ,349 ,241 ,264 ,239 ,132 ,28 ,11 ,796 ,742 ,475 ,72 ,46 ,96 ,22 ,86 ,17 ,12 ,395 ,39 ,19 ,63 ,14 ,13 ,19 ,99 ,26 ,25
2021-08-01,"1,442 ","1,386 ",56 ,3,95 ,174 ,312 ,213 ,238 ,245 ,115 ,36 ,14 ,731 ,711 ,473 ,58 ,23 ,89 ,14 ,69 ,20 ,9 ,406 ,44 ,17 ,46 ,14 ,9 ,28 ,84 ,20 ,19
2021-08-02,"1,218 ","1,150 ",68 ,1,85 ,156 ,255 ,180 ,219 ,195 ,78 ,32 ,18 ,588 ,630 ,364 ,72 ,26 ,62 ,17 ,64 ,13 ,3 ,337 ,25 ,26 ,38 ,13 ,6 ,31 ,84 ,12 ,25
2021-08-03,"1,200 ","1,150 ",50 ,5,98 ,137 ,235 ,185 ,198 ,205 ,101 ,31 ,10 ,598 ,602 ,311 ,69 ,37 ,48 ,18 ,78 ,8 ,7 ,360 ,25 ,39 ,51 ,16 ,4 ,25 ,72 ,21 ,11
2021-08-04,"1,725 ","1,664 ",61 ,2,97 ,189 ,400 ,282 ,280 ,300 ,127 ,39 ,11 ,903 ,822 ,486 ,111 ,75 ,83 ,16 ,59 ,15 ,8 ,487 ,22 ,45 ,55 ,33 ,15 ,48 ,114 ,23 ,30
2021-08-05,"1,775 ","1,716 ",59 ,3,96 ,204 ,421 ,262 ,290 ,293 ,147 ,46 ,16 ,944 ,831 ,466 ,112 ,121 ,90 ,17 ,70 ,13 ,15 ,486 ,31 ,45 ,71 ,19 ,20 ,60 ,82 ,24 ,33
2021-08-06,"1,704 ","1,640 ",64 ,4,128 ,194 ,362 ,276 ,255 ,285 ,149 ,51 ,4 ,912 ,792 ,464 ,107 ,84 ,103 ,14 ,50 ,24 ,20 ,462 ,26 ,41 ,53 ,34 ,24 ,56 ,98 ,16 ,28
2021-08-07,"1,823 ","1,762 ",61 ,3,123 ,170 ,395 ,271 ,277 ,315 ,166 ,55 ,51 ,941 ,882 ,503 ,146 ,68 ,90 ,18 ,57 ,21 ,18 ,514 ,33 ,43 ,54 ,20 ,20 ,49 ,131 ,13 ,25
2021-08-08,"1,727 ","1,668 ",59 ,5,117 ,170 ,382 ,304 ,249 ,281 ,158 ,48 ,18 ,911 ,816 ,450 ,147 ,63 ,75 ,32 ,33 ,58 ,7 ,461 ,25 ,55 ,86 ,20 ,20 ,56 ,118 ,5 ,16
2021-08-09,"1,491 ","1,455 ",36 ,4,102 ,163 ,346 ,238 ,215 ,242 ,128 ,36 ,21 ,755 ,736 ,415 ,123 ,86 ,65 ,19 ,42 ,25 ,1 ,408 ,24 ,38 ,68 ,21 ,14 ,30 ,88 ,11 ,13
2021-08-10,"1,537 ","1,474 ",63 ,9,102 ,196 ,332 ,239 ,258 ,234 ,124 ,31 ,21 ,781 ,756 ,359 ,105 ,80 ,66 ,15 ,51 ,51 ,4 ,420 ,22 ,47 ,66 ,31 ,26 ,59 ,110 ,12 ,13
2021-08-11,"2,221 ","2,144 ",77 ,1,126 ,212 ,560 ,383 ,342 ,356 ,166 ,54 ,22 ,"1,103 ","1,118 ",660 ,126 ,66 ,111 ,20 ,43 ,48 ,8 ,666 ,19 ,56 ,86 ,31 ,18 ,67 ,141 ,28 ,27
2021-08-12,"1,987 ","1,947 ",40 ,3,122 ,225 ,492 ,331 ,279 ,319 ,144 ,52 ,23 ,"1,064 ",923 ,526 ,132 ,39 ,114 ,20 ,51 ,54 ,11 ,575 ,42 ,75 ,85 ,24 ,27 ,63 ,110 ,23 ,16
2021-08-13,"1,989 ","1,913 ",76 ,6,121 ,212 ,468 ,320 ,299 ,305 ,178 ,48 ,38 ,"1,092 ",897 ,524 ,180 ,57 ,97 ,15 ,58 ,39 ,7 ,540 ,33 ,52 ,72 ,27 ,18 ,82 ,125 ,44 ,19
2021-08-14,"1,928 ","1,858 ",70 ,4,102 ,207 ,468 ,339 ,276 ,319 ,149 ,46 ,22 ,"1,060 ",868 ,513 ,153 ,82 ,79 ,17 ,42 ,26 ,10 ,573 ,39 ,45 ,64 ,21 ,28 ,54 ,103 ,55 ,24
2021-08-15,"1,816 ","1,748 ",68 ,8,117 ,206 ,433 ,276 ,276 ,309 ,135 ,37 ,27 ,968 ,848 ,488 ,156 ,57 ,100 ,29 ,44 ,29 ,5 ,510 ,31 ,44 ,62 ,12 ,18 ,76 ,93 ,38 ,24
2021-08-16,"1,554 ","1,491 ",63 ,11,102 ,182 ,364 ,259 ,221 ,230 ,120 ,44 ,32,836 ,718 ,363 ,127 ,45 ,110 ,29 ,31 ,31 ,3 ,396 ,41 ,37 ,43 ,14 ,27 ,75 ,86 ,65 ,31
2021-08-17,"1,372 ","1,322 ",50 ,6,102 ,132 ,319 ,240 ,226 ,220 ,86 ,38 ,9,711 ,661 ,365 ,66 ,46 ,78 ,18 ,33 ,22 ,3 ,385 ,26 ,43 ,42 ,25 ,25 ,38 ,106 ,37 ,14
2021-08-18,"1,803 ","1,766 ",37 ,5,117 ,200 ,429 ,283 ,296 ,269 ,160 ,27 ,22,"1,009 ",794 ,509 ,124 ,61 ,92 ,31 ,34 ,32 ,6 ,515 ,40 ,33 ,70 ,20 ,34 ,37 ,105 ,46 ,14
2021-08-19,"2,152 ","2,114 ",38 ,13,139 ,203 ,515 ,393 ,349 ,307 ,168 ,59 ,19,"1,220 ",932 ,575 ,138 ,52 ,153 ,22 ,49 ,68 ,13 ,649 ,29 ,59 ,83 ,39 ,17 ,47 ,109 ,37 ,13
2021-08-20,"2,050 ","2,000 ",50 ,6,155 ,184 ,454 ,359 ,337 ,321 ,151 ,61 ,28,"1,145 ",905 ,554 ,132 ,39 ,120 ,22 ,58 ,30 ,13 ,645 ,28 ,44 ,76 ,40 ,23 ,67 ,90 ,56 ,13
2021-08-21,"1,876 ","1,811 ",65 ,5,107 ,188 ,408 ,332 ,296 ,271 ,184 ,64 ,26 ,"1,041 ",835 ,525 ,86 ,34 ,92 ,27 ,28 ,27 ,2 ,598 ,40 ,41 ,75 ,24 ,15 ,111 ,79 ,52 ,20
2021-08-22,"1,626 ","1,588 ",38 ,13,102 ,153 ,375 ,298 ,264 ,244 ,132 ,42 ,16 ,851 ,775 ,497 ,113 ,51 ,66 ,22 ,23 ,36 ,1 ,524 ,15 ,46 ,51 ,21 ,9 ,50 ,57 ,35 ,9
2021-08-23,"1,417 ","1,370 ",47 ,7,81 ,144 ,320 ,234 ,264 ,221 ,110 ,32 ,11,781 ,636 ,388 ,63 ,57 ,78 ,33 ,30 ,37 ,11 ,396 ,26 ,43 ,68 ,36 ,10 ,35 ,54 ,32 ,20
2021-08-24,"1,507 ","1,469 ",38 ,6,116 ,145 ,347 ,271 ,261 ,202 ,114 ,40 ,11 ,824 ,683 ,436 ,61 ,73 ,63 ,12 ,63 ,26 ,7 ,474 ,17 ,30 ,60 ,34 ,9 ,31 ,69 ,30 ,12
2021-08-25,"2,154 ","2,113 ",41 ,9,140 ,224 ,511 ,357 ,355 ,294 ,190 ,61 ,22 ,"1,197 ",957 ,677 ,86 ,101 ,119 ,23 ,64 ,38 ,16 ,587 ,46 ,59 ,76 ,40 ,8 ,71 ,104 ,27 ,12
2021-08-26,"1,882 ","1,829 ",53 ,20,119 ,177 ,439 ,339 ,301 ,278 ,150 ,66 ,13 ,"1,083 ",799 ,570 ,78 ,95 ,102 ,29 ,50 ,40 ,10 ,514 ,26 ,38 ,92 ,45 ,8 ,64 ,68 ,30 ,23
2021-08-27,"1,837 ","1,809 ",28 ,8,126 ,173 ,427 ,336 ,289 ,269 ,159 ,40 ,18 ,"1,000 ",837 ,556 ,68 ,90 ,97 ,14 ,57 ,20 ,9 ,548 ,57 ,33 ,60 ,41 ,16 ,65 ,73 ,23 ,10
2021-08-28,"1,791 ","1,736 ",55 ,11,114 ,194 ,434 ,309 ,259 ,263 ,146 ,47 ,25 ,923 ,868 ,569 ,76 ,76 ,95 ,20 ,46 ,22 ,12 ,542 ,41 ,45 ,63 ,26 ,26 ,47 ,53 ,21 ,11
2021-08-29,"1,619 ","1,576 ",43 ,3 ,96 ,144 ,395 ,296 ,236 ,228 ,164 ,41 ,19 ,881 ,738 ,517 ,64 ,57 ,93 ,22 ,18 ,36 ,2 ,480 ,35 ,30 ,77 ,28 ,28 ,54 ,53 ,13 ,12
2021-08-30,"1,485 ","1,424 ",61 ,5 ,102 ,121 ,327 ,303 ,228 ,212 ,130 ,33 ,29 ,828 ,657 ,442 ,57 ,85 ,64 ,30 ,29 ,36 ,8 ,408 ,29 ,38 ,60 ,26 ,29 ,41 ,62 ,12 ,29
2021-08-31,"1,369 ","1,331 ",38 ,1 ,75 ,162 ,312 ,217 ,222 ,206 ,135 ,27 ,13 ,750 ,619 ,456 ,44 ,51 ,73 ,19 ,34 ,24 ,8 ,432 ,30 ,15 ,38 ,26 ,14 ,27 ,56 ,9 ,13
2021-09-01,"2,024 ","1,991 ",33 ,7 ,128 ,192 ,444 ,366 ,335 ,297 ,194 ,56 ,12 ,"1,116 ",908 ,665 ,69 ,55 ,123 ,37 ,30 ,71 ,10 ,639 ,35 ,49 ,86 ,26 ,17 ,44 ,53 ,10 ,5
2021-09-02,"1,960 ","1,926 ",34 ,11 ,154 ,176 ,472 ,363 ,304 ,272 ,156 ,45 ,18 ,"1,092 ",868 ,559 ,71 ,66 ,123 ,42 ,61 ,42 ,7 ,697 ,27 ,27 ,95 ,18 ,13 ,42 ,54 ,11 ,5
2021-09-03,"1,708 ","1,674 ",34 ,5 ,94 ,153 ,379 ,321 ,312 ,238 ,151 ,41 ,19 ,964 ,744 ,542 ,58 ,52 ,118 ,43 ,46 ,35 ,4 ,520 ,18 ,30 ,81 ,28 ,15 ,46 ,51 ,10 ,11
2021-09-04,"1,803 ","1,775 ",28 ,7,113 ,184 ,414 ,336 ,306 ,237 ,146 ,53 ,14 ,"1,035 ",768 ,565 ,51 ,42 ,98 ,26 ,50 ,47 ,8 ,580 ,45 ,30 ,99 ,26 ,30 ,40 ,52 ,8 ,6
2021-09-05,"1,490 ","1,461 ",29 ,6 ,114 ,154 ,322 ,264 ,264 ,179 ,132 ,45 ,16 ,799 ,691 ,508 ,39 ,20 ,100 ,39 ,38 ,41 ,3 ,448 ,24 ,17 ,73 ,14 ,16 ,42 ,52 ,7 ,9
2021-09-06,"1,375 ","1,351 ",24 ,6 ,107 ,147 ,275 ,244 ,243 ,206 ,108 ,32 ,13 ,760 ,615 ,464 ,52 ,43 ,83 ,28 ,30 ,39 ,4 ,400 ,25 ,24 ,62 ,7 ,4 ,38 ,57 ,9 ,6
2021-09-07,"1,597 ","1,563 ",34 ,3 ,111 ,173 ,348 ,275 ,299 ,226 ,123 ,31 ,11 ,908 ,689 ,482 ,35 ,38 ,87 ,34 ,34 ,47 ,5 ,481 ,22 ,36 ,85 ,30 ,35 ,45 ,87 ,5 ,9
2021-09-08,"2,048 ","2,012 ",36 ,4 ,110 ,219 ,455 ,399 ,380 ,273 ,147 ,47 ,18 ,"1,145 ",903 ,671 ,31 ,61 ,120 ,43 ,39 ,49 ,8 ,703 ,33 ,39 ,84 ,32 ,22 ,25 ,70 ,9 ,9
2021-09-09,"2,049 ","2,018 ",31 ,9 ,138 ,233 ,439 ,356 ,367 ,276 ,181 ,45 ,14 ,"1,122 ",927 ,667 ,35 ,50 ,108 ,22 ,38 ,70 ,6 ,643 ,33 ,33 ,152 ,26 ,22 ,33 ,77 ,23 ,11
2021-09-10,"1,892 ","1,857 ",35 ,5 ,111 ,195 ,427 ,349 ,318 ,253 ,148 ,49 ,42 ,"1,067 ",825 ,670 ,38 ,44 ,120 ,25 ,48 ,41 ,5 ,613 ,33 ,32 ,79 ,25 ,21 ,28 ,45 ,17 ,8
2021-09-11,"1,864 ","1,815 ",49 ,10 ,145 ,191 ,416 ,353 ,307 ,227 ,140 ,68 ,17 ,"1,020 ",844 ,659 ,35 ,45 ,132 ,21 ,65 ,31 ,9 ,572 ,34 ,30 ,92 ,17 ,25 ,34 ,38 ,6 ,19
2021-09-12,"1,755 ","1,725 ",30 ,1 ,129 ,219 ,369 ,352 ,290 ,178 ,141 ,46 ,31 ,978 ,777 ,658 ,43 ,62 ,148 ,27 ,45 ,34 ,4 ,488 ,19 ,45 ,79 ,14 ,11 ,20 ,46 ,4 ,8
2021-09-13,"1,433 ","1,409 ",24 ,1 ,106 ,135 ,295 ,271 ,257 ,177 ,134 ,36 ,22 ,821 ,612 ,556 ,35 ,31 ,151 ,14 ,39 ,17 ,4 ,402 ,14 ,35 ,58 ,10 ,5 ,25 ,23 ,4 ,10
2021-09-14,"1,495 ","1,461 ",34 ,7 ,104 ,148 ,348 ,284 ,253 ,195 ,103 ,38 ,22 ,866 ,629 ,539 ,38 ,27 ,124 ,35 ,41 ,35 ,21 ,461 ,21 ,21 ,59 ,17 ,1 ,15 ,22 ,12 ,6
2021-09-15,"2,078 ","2,055 ",23 ,13 ,121 ,209 ,435 ,461 ,374 ,235 ,147 ,60 ,36 ,"1,155 ",923 ,808 ,43 ,27 ,164 ,38 ,37 ,31 ,8 ,689 ,29 ,37 ,85 ,16 ,5 ,22 ,28 ,6 ,5
2021-09-16,"1,942 ","1,920 ",22 ,6 ,144 ,210 ,405 ,405 ,344 ,193 ,155 ,55 ,31 ,"1,057 ",885 ,718 ,58 ,47 ,137 ,13 ,36 ,31 ,7 ,656 ,36 ,41 ,50 ,20 ,8 ,33 ,33 ,11 ,7
2021-09-17,"2,008 ","1,973 ",35 ,3 ,144 ,214 ,447 ,369 ,345 ,227 ,186 ,60 ,16 ,"1,136 ",872 ,746 ,52 ,38 ,141 ,21 ,43 ,17 ,12 ,659 ,39 ,37 ,56 ,36 ,13 ,38 ,35 ,9 ,16
2021-09-18,"2,087 ","2,047 ",40 ,5 ,146 ,217 ,405 ,390 ,372 ,270 ,179 ,73 ,35 ,"1,154 ",933 ,703 ,52 ,71 ,147 ,27 ,44 ,34 ,12 ,674 ,48 ,41 ,73 ,73 ,7 ,24 ,43 ,3 ,11
2021-09-19,"1,909 ","1,870 ",39 ,10 ,124 ,173 ,402 ,327 ,366 ,240 ,183 ,68 ,26 ,"1,046 ",863 ,742 ,46 ,47 ,183 ,22 ,48 ,30 ,8 ,547 ,46 ,35 ,47 ,20 ,12 ,41 ,22 ,6 ,7
2021-09-20,"1,603 ","1,575 ",28 ,5 ,99 ,156 ,329 ,295 ,298 ,191 ,139 ,63 ,33 ,896 ,707 ,583 ,47 ,35 ,96 ,35 ,49 ,15 ,9 ,506 ,28 ,36 ,34 ,38 ,6 ,37 ,32 ,10 ,7
2021-09-21,"1,729 ","1,697 ",32 ,4 ,110 ,160 ,358 ,305 ,325 ,214 ,160 ,69 ,28 ,974 ,755 ,676 ,45 ,46 ,133 ,40 ,44 ,16 ,4 ,502 ,39 ,27 ,45 ,31 ,7 ,27 ,26 ,7 ,14
2021-09-22,"1,720 ","1,703 ",17 ,6 ,103 ,172 ,336 ,305 ,319 ,201 ,174 ,91 ,19 ,940 ,780 ,644 ,38 ,41 ,148 ,40 ,16 ,20 ,4 ,529 ,33 ,27 ,62 ,27 ,23 ,28 ,29 ,5 ,6
2021-09-23,"1,715 ","1,697 ",18 ,8 ,99 ,141 ,401 ,317 ,306 ,199 ,159 ,68 ,25 ,988 ,727 ,645 ,24 ,53 ,107 ,36 ,43 ,23 ,10 ,548 ,31 ,25 ,54 ,40 ,15 ,21 ,28 ,9 ,3
2021-09-24,"2,429 ","2,411 ",18 ,7 ,119 ,222 ,547 ,445 ,447 ,322 ,211 ,81 ,35 ,"1,387 ","1,042 ",904 ,30 ,128 ,140 ,42 ,71 ,30 ,14 ,708 ,43 ,60 ,75 ,62 ,17 ,46 ,38 ,14 ,7
2021-09-25,"3,268 ","3,240 ",28 ,7 ,205 ,299 ,809 ,658 ,510 ,339 ,268 ,120 ,60 ,"1,853 ","1,415 ","1,220 ",51 ,118 ,201 ,30 ,80 ,26 ,10 ,"1,101 ",57 ,60 ,93 ,65 ,28 ,58 ,47 ,15 ,8
2021-09-26,"2,768 ","2,734 ",34 ,9 ,168 ,250 ,732 ,536 ,408 ,302 ,223 ,89 ,60 ,"1,591 ","1,177 ",927 ,46 ,143 ,173 ,40 ,53 ,27 ,8 ,931 ,47 ,51 ,75 ,48 ,25 ,85 ,73 ,7 ,9
2021-09-27,"2,381 ","2,354 ",27 ,6 ,166 ,221 ,625 ,450 ,363 ,246 ,173 ,83 ,54 ,"1,320 ","1,061 ",777 ,43 ,115 ,145 ,28 ,51 ,20 ,14 ,755 ,40 ,63 ,78 ,43 ,16 ,71 ,101 ,9 ,12
2021-09-28,"2,287 ","2,268 ",19 ,8 ,152 ,240 ,568 ,430 ,344 ,222 ,183 ,95 ,53 ,"1,304 ",983 ,840 ,29 ,126 ,123 ,28 ,54 ,17 ,4 ,721 ,26 ,59 ,48 ,42 ,18 ,75 ,67 ,7 ,3
2021-09-29,"2,881 ","2,855 ",26 ,10 ,145 ,286 ,747 ,556 ,442 ,307 ,219 ,123 ,56 ,"1,680 ","1,201 ","1,051 ",52 ,109 ,154 ,28 ,29 ,27 ,10 ,990 ,20 ,84 ,77 ,41 ,23 ,88 ,84 ,5 ,9
2021-09-30,"2,561 ","2,536 ",25 ,7 ,165 ,275 ,611 ,486 ,359 ,282 ,220 ,93 ,70 ,"1,478 ","1,083 ",944 ,49 ,73 ,148 ,32 ,36 ,27 ,14 ,883 ,32 ,61 ,60 ,35 ,24 ,52 ,67 ,15 ,9
2021-10-01,"2,483 ","2,449 ",34 ,16 ,160 ,289 ,590 ,442 ,363 ,278 ,216 ,87 ,58 ,"1,476 ","1,007 ",913 ,46 ,85 ,159 ,28 ,38 ,24 ,8 ,825 ,52 ,39 ,60 ,32 ,29 ,60 ,69 ,9 ,7
2021-10-02,"2,247 ","2,220 ",27 ,7 ,166 ,242 ,518 ,398 ,374 ,220 ,191 ,101 ,37 ,"1,345 ",902 ,792 ,42 ,80 ,116 ,25 ,35 ,19 ,11 ,759 ,33 ,60 ,51 ,23 ,22 ,56 ,108 ,8 ,7
2021-10-03,"2,085 ","2,057 ",28 ,3 ,128 ,220 ,474 ,393 ,334 ,223 ,177 ,83 ,53 ,"1,232 ",853 ,735 ,33 ,58 ,128 ,22 ,41 ,18 ,7 ,678 ,50 ,44 ,44 ,29 ,25 ,97 ,65 ,5 ,6
2021-10-04,"1,670 ","1,650 ",20 ,6 ,112 ,187 ,384 ,275 ,275 ,189 ,158 ,57 ,33 ,"1,022 ",648 ,572 ,37 ,68 ,120 ,13 ,38 ,5 ,3 ,534 ,37 ,44 ,42 ,21 ,13 ,60 ,47 ,7 ,9
2021-10-05,"1,574 ","1,555 ",19 ,11 ,84 ,182 ,302 ,309 ,262 ,178 ,141 ,68 ,48 ,983 ,591 ,521 ,47 ,50 ,106 ,15 ,39 ,12 ,10 ,496 ,24 ,44 ,34 ,23 ,13 ,57 ,70 ,5 ,8
2021-10-06,"2,027 ","2,001 ",26 ,12 ,115 ,223 ,426 ,392 ,328 ,250 ,176 ,77 ,40 ,"1,252 ",775 ,690 ,38 ,64 ,133 ,16 ,31 ,4 ,5 ,685 ,31 ,38 ,69 ,20 ,13 ,55 ,120 ,4 ,11
2021-10-07,"2,425 ","2,398 ",27 ,8 ,192 ,266 ,448 ,434 ,389 ,281 ,259 ,105 ,51 ,"1,400 ","1,025 ",836 ,49 ,46 ,200 ,13 ,30 ,14 ,11 ,856 ,29 ,74 ,52 ,24 ,18 ,55 ,96 ,9 ,13
2021-10-08,"2,171 ","2,140 ",31 ,10 ,168 ,228 ,444 ,382 ,302 ,254 ,240 ,94 ,59 ,"1,279 ",892 ,772 ,34 ,45 ,128 ,25 ,31 ,16 ,10 ,759 ,33 ,64 ,60 ,22 ,17 ,77 ,55 ,9 ,14
2021-10-09,"1,953 ","1,924 ",29 ,6 ,140 ,227 ,347 ,318 ,334 ,218 ,242 ,81 ,46 ,"1,130 ",823 ,712 ,30 ,50 ,131 ,18 ,30 ,13 ,4 ,638 ,28 ,64 ,58 ,19 ,14 ,39 ,73 ,26 ,6
2021-10-10,"1,594 ","1,560 ",34 ,15 ,131 ,162 ,324 ,302 ,237 ,187 ,147 ,70 ,34 ,945 ,649 ,583 ,31 ,48 ,95 ,23 ,10 ,9 ,4 ,550 ,18 ,75 ,31 ,10 ,5 ,45 ,39 ,7 ,11
2021-10-11,"1,297 ","1,284 ",13 ,8 ,90 ,161 ,242 ,224 ,211 ,151 ,122 ,64 ,32 ,743 ,554 ,511 ,49 ,45 ,72 ,14 ,22 ,11 ,3 ,359 ,17 ,60 ,25 ,20 ,11 ,30 ,34 ,8 ,6
2021-10-12,"1,346 ","1,333 ",13 ,11 ,104 ,188 ,239 ,251 ,223 ,140 ,121 ,43 ,37 ,802 ,544 ,482 ,25 ,50 ,81 ,7 ,23 ,17 ,6 ,411 ,28 ,68 ,57 ,23 ,17 ,24 ,17 ,7 ,3
2021-10-13,"1,583 ","1,570 ",13 ,11 ,120 ,198 ,289 ,272 ,256 ,176 ,159 ,77 ,36 ,905 ,678 ,582 ,40 ,66 ,86 ,14 ,21 ,7 ,3 ,509 ,17 ,88 ,34 ,13 ,16 ,41 ,30 ,11 ,5
2021-10-14,"1,939 ","1,924 ",15 ,13 ,155 ,246 ,292 ,335 ,281 ,203 ,228 ,128 ,71 ,"1,107 ",832 ,747 ,47 ,46 ,142 ,10 ,6 ,6 ,3 ,690 ,22 ,48 ,47 ,16 ,19 ,45 ,35 ,9 ,1
2021-10-15,"1,683 ","1,669 ",14 ,8 ,159 ,203 ,276 ,288 ,243 ,175 ,204 ,85 ,50 ,943 ,740 ,681 ,32 ,38 ,96 ,6 ,12 ,8 ,3 ,611 ,21 ,47 ,33 ,11 ,24 ,34 ,13 ,10 ,3
2021-10-16,"1,617 ","1,593 ",24 ,18 ,125 ,185 ,255 ,273 ,243 ,203 ,181 ,77 ,75 ,883 ,734 ,585 ,22 ,47 ,103 ,6 ,9 ,7 ,1 ,587 ,19 ,69 ,39 ,16 ,24 ,52 ,17 ,7 ,7
2021-10-17,"1,420 ","1,403 ",17 ,16 ,102 ,158 ,236 ,234 ,197 ,158 ,190 ,96 ,49 ,812 ,608 ,506 ,36 ,40 ,109 ,9 ,8 ,4 ,0 ,491 ,24 ,41 ,44 ,15 ,22 ,28 ,30 ,5 ,8
2021-10-18,"1,049 ","1,030 ",19 ,8 ,100 ,109 ,154 ,173 ,163 ,141 ,112 ,59 ,38 ,584 ,465 ,355 ,35 ,45 ,85 ,4 ,5 ,3 ,2 ,364 ,8 ,30 ,33 ,18 ,9 ,18 ,29 ,6 ,0
2021-10-19,"1,073 ","1,048 ",25 ,21 ,88 ,166 ,147 ,169 ,159 ,125 ,126 ,50 ,43 ,573 ,500 ,298 ,39 ,35 ,93 ,3 ,15 ,0 ,0 ,401 ,7 ,42 ,40 ,14 ,14 ,42 ,20 ,5 ,5
2021-10-20,"1,571 ","1,556 ",15 ,9 ,108 ,250 ,226 ,266 ,244 ,145 ,194 ,76 ,62 ,887 ,684 ,504 ,35 ,36 ,109 ,12 ,9 ,7 ,3 ,588 ,27 ,69 ,43 ,9 ,9 ,75 ,33 ,3 ,0
2021-10-21,"1,441 ","1,430 ",11 ,11 ,127 ,201 ,206 ,257 ,196 ,162 ,172 ,75 ,45 ,809 ,632 ,506 ,29 ,26 ,105 ,15 ,8 ,1 ,8 ,526 ,31 ,57 ,44 ,10 ,12 ,35 ,20 ,6 ,2
2021-10-22,"1,437 ","1,417 ",20 ,16 ,116 ,209 ,194 ,252 ,215 ,141 ,184 ,74 ,52 ,805 ,632 ,519 ,44 ,21 ,121 ,3 ,5 ,3 ,1 ,516 ,18 ,41 ,27 ,16 ,15 ,45 ,34 ,6 ,2
2021-10-23,"1,508 ","1,487 ",21 ,20 ,136 ,222 ,205 ,253 ,194 ,149 ,191 ,84 ,74 ,833 ,675 ,551 ,40 ,21 ,106 ,9 ,8 ,6 ,2 ,518 ,20 ,47 ,42 ,19 ,5 ,35 ,72 ,3 ,4
2021-10-24,"1,422 ","1,394 ",28 ,21 ,118 ,226 ,197 ,226 ,216 ,133 ,193 ,73 ,40 ,807 ,615 ,519 ,32 ,31 ,103 ,4 ,8 ,3 ,0 ,521 ,13 ,39 ,64 ,10 ,9 ,24 ,27 ,8 ,7
2021-10-25,"1,190 ","1,167 ",23 ,7 ,103 ,201 ,126 ,180 ,170 ,134 ,158 ,74 ,44 ,627 ,563 ,455 ,24 ,32 ,96 ,3 ,4 ,4 ,0 ,401 ,20 ,42 ,27 ,24 ,5 ,16 ,18 ,11 ,8
2021-10-26,"1,265 ","1,245 ",20 ,15 ,110 ,208 ,167 ,204 ,171 ,114 ,156 ,71 ,64 ,672 ,593 ,427 ,33 ,61 ,74 ,5 ,13 ,9 ,6 ,431 ,25 ,31 ,40 ,41 ,6 ,20 ,29 ,6 ,8
2021-10-27,"1,952 ","1,931 ",21 ,9 ,169 ,335 ,249 ,295 ,273 ,177 ,266 ,123 ,65 ,"1,093 ",859 ,729 ,43 ,39 ,125 ,9 ,15 ,8 ,1 ,740 ,19 ,29 ,59 ,30 ,6 ,42 ,45 ,7 ,6
2021-10-28,"2,110 ","2,094 ",16 ,11 ,220 ,325 ,244 ,311 ,276 ,224 ,279 ,132 ,99 ,"1,182 ",928 ,788 ,52 ,106 ,137 ,7 ,6 ,6 ,2 ,707 ,22 ,54 ,82 ,41 ,12 ,41 ,35 ,4 ,8
2021-10-29,"2,124 ","2,094 ",30 ,9 ,207 ,302 ,297 ,319 ,260 ,221 ,282 ,149 ,87 ,"1,142 ",982 ,770 ,43 ,117 ,132 ,5 ,9 ,4 ,1 ,762 ,21 ,35 ,68 ,56 ,13 ,42 ,34 ,4 ,8
2021-10-30,"2,104 ","2,089 ",15 ,13 ,195 ,271 ,214 ,295 ,275 ,246 ,322 ,170 ,116 ,"1,159 ",945 ,706 ,45 ,90 ,123 ,16 ,7 ,3 ,4 ,719 ,25 ,46 ,56 ,26 ,12 ,40 ,173 ,9 ,4
2021-10-31,"2,061 ","2,052 ",9 ,19 ,159 ,266 ,256 ,288 ,275 ,226 ,333 ,145 ,113 ,"1,177 ",884 ,760 ,58 ,57 ,157 ,23 ,11 ,5 ,4 ,701 ,23 ,27 ,62 ,21 ,30 ,56 ,61 ,1 ,4
2021-11-01,"1,684 ","1,664 ",20 ,9 ,153 ,226 ,159 ,237 ,198 ,193 ,269 ,127 ,122 ,855 ,829 ,646 ,55 ,57 ,127 ,5 ,9 ,12 ,2 ,564 ,13 ,21 ,47 ,24 ,18 ,27 ,50 ,2 ,5
2021-11-02,"1,589 ","1,578 ",11 ,16 ,149 ,243 ,163 ,194 ,203 ,166 ,252 ,120 ,99 ,804 ,785 ,600 ,28 ,42 ,113 ,17 ,28 ,7 ,5 ,501 ,29 ,24 ,69 ,14 ,34 ,21 ,54 ,2 ,1
2021-11-03,"2,667 ","2,640 ",27 ,18 ,230 ,432 ,250 ,390 ,290 ,315 ,430 ,179 ,151 ,"1,424 ","1,243 ","1,004 ",80 ,66 ,183 ,12 ,19 ,7 ,1 ,899 ,29 ,48 ,91 ,43 ,21 ,31 ,108 ,17 ,8
2021-11-04,"2,482 ","2,457 ",25 ,24 ,235 ,321 ,253 ,355 ,290 ,297 ,397 ,201 ,133 ,"1,282 ","1,200 ",946 ,59 ,66 ,171 ,14 ,17 ,4 ,0 ,873 ,39 ,47 ,88 ,38 ,17 ,39 ,36 ,17 ,11
2021-11-05,"2,342 ","2,322 ",20 ,20 ,207 ,334 ,211 ,326 ,298 ,264 ,360 ,203 ,139 ,"1,231 ","1,111 ",979 ,56 ,43 ,152 ,12 ,24 ,5 ,2 ,742 ,22 ,35 ,110 ,16 ,15 ,84 ,33 ,7 ,5
2021-11-06,"2,246 ","2,217 ",29 ,20 ,210 ,294 ,243 ,321 ,285 ,232 ,357 ,189 ,115 ,"1,196 ","1,050 ",915 ,59 ,38 ,144 ,18 ,21 ,12 ,2 ,692 ,42 ,43 ,65 ,35 ,40 ,35 ,73 ,4 ,8
2021-11-07,"2,224 ","2,204 ",20 ,11 ,201 ,268 ,216 ,294 ,268 ,263 ,393 ,175 ,146 ,"1,189 ","1,035 ",848 ,40 ,55 ,161 ,20 ,23 ,1 ,2 ,703 ,42 ,54 ,66 ,22 ,31 ,94 ,46 ,14 ,2
2021-11-08,"1,758 ","1,731 ",27 ,13 ,153 ,240 ,169 ,221 ,234 ,199 ,314 ,133 ,95 ,904 ,854 ,707 ,34 ,34 ,98 ,28 ,22 ,5 ,1 ,544 ,30 ,35 ,62 ,21 ,17 ,60 ,40 ,16 ,4
2021-11-09,"1,715 ","1,698 ",17 ,18 ,201 ,244 ,145 ,224 ,179 ,226 ,277 ,132 ,87 ,886 ,829 ,662 ,46 ,44 ,111 ,11 ,25 ,4 ,3 ,528 ,21 ,17 ,60 ,12 ,21 ,48 ,77 ,20 ,5
2021-11-10,"2,425 ","2,409 ",16 ,14 ,175 ,313 ,249 ,309 ,295 ,302 ,457 ,219 ,106 ,"1,310 ","1,115 ",973 ,74 ,33 ,159 ,22 ,23 ,5 ,4 ,867 ,23 ,31 ,58 ,36 ,7 ,36 ,60 ,11 ,3
2021-11-11,"2,519 ","2,493 ",26 ,21 ,231 ,325 ,250 ,339 ,304 ,268 ,440 ,224 ,138 ,"1,275 ","1,244 ","1,003 ",69 ,42 ,187 ,32 ,34 ,20 ,6 ,821 ,29 ,34 ,50 ,39 ,17 ,33 ,76 ,14 ,13
2021-11-12,"2,368 ","2,358 ",10 ,18 ,214 ,294 ,211 ,307 ,285 ,278 ,411 ,220 ,148 ,"1,218 ","1,150 ",948 ,63 ,70 ,120 ,11 ,25 ,4 ,6 ,792 ,30 ,26 ,59 ,65 ,15 ,41 ,68 ,21 ,4
2021-11-13,"2,324 ","2,310 ",14 ,32 ,180 ,211 ,209 ,307 ,249 ,309 ,492 ,232 ,135 ,"1,185 ","1,139 ","1,005 ",64 ,73 ,166 ,31 ,32 ,1 ,1 ,648 ,31 ,23 ,77 ,58 ,19 ,35 ,41 ,15 ,4
2021-11-14,"2,418 ","2,400 ",18 ,20 ,199 ,247 ,209 ,257 ,273 ,333 ,476 ,262 ,162 ,"1,259 ","1,159 ",978 ,82 ,72 ,156 ,19 ,18 ,7 ,2 ,799 ,31 ,27 ,54 ,44 ,26 ,42 ,44 ,14 ,3
2021-11-15,"2,005 ","1,985 ",20 ,12 ,185 ,223 ,137 ,203 ,255 ,268 ,389 ,203 ,142 ,968 ,"1,037 ",858 ,68 ,49 ,102 ,26 ,33 ,4 ,1 ,602 ,35 ,18 ,57 ,38 ,19 ,34 ,46 ,10 ,5
2021-11-16,"2,124 ","2,109 ",15 ,22 ,210 ,252 ,166 ,249 ,271 ,290 ,332 ,199 ,155 ,"1,034 ","1,090 ",846 ,87 ,38 ,131 ,11 ,34 ,9 ,6 ,658 ,51 ,28 ,42 ,56 ,29 ,9 ,45 ,43 ,1
2021-11-17,"3,187 ","3,164 ",23 ,21 ,254 ,405 ,277 ,372 ,363 ,390 ,625 ,333 ,168 ,"1,652 ","1,535 ","1,436 ",103 ,56 ,159 ,34 ,46 ,14 ,16 ,964 ,54 ,28 ,71 ,50 ,36 ,26 ,66 ,23 ,5
2021-11-18,"3,292 ","3,272 ",20 ,29 ,231 ,398 ,294 ,384 ,383 ,410 ,629 ,357 ,206 ,"1,682 ","1,610 ","1,429 ",90 ,73 ,195 ,34 ,36 ,10 ,10 ,967 ,62 ,26 ,82 ,54 ,40 ,51 ,98 ,28 ,7
2021-11-19,"3,033 ","3,010 ",23 ,28 ,220 ,334 ,280 ,349 ,347 ,395 ,616 ,319 ,173 ,"1,562 ","1,471 ","1,400 ",77 ,47 ,188 ,24 ,53 ,4 ,3 ,849 ,72 ,20 ,56 ,24 ,46 ,49 ,78 ,31 ,12
2021-11-20,"3,204 ","3,187 ",17 ,29 ,278 ,380 ,256 ,347 ,411 ,422 ,597 ,331 ,182 ,"1,592 ","1,612 ","1,371 ",86 ,61 ,204 ,39 ,32 ,5 ,7 ,993 ,59 ,34 ,74 ,30 ,66 ,35 ,79 ,23 ,6
2021-11-21,"3,120 ","3,096 ",24 ,30 ,307 ,292 ,262 ,372 ,348 ,406 ,619 ,306 ,208 ,"1,575 ","1,545 ","1,320 ",86 ,44 ,206 ,70 ,43 ,9 ,7 ,992 ,75 ,20 ,47 ,41 ,38 ,26 ,76 ,15 ,5
2021-11-22,"2,826 ","2,806 ",20 ,24 ,263 ,328 ,270 ,362 ,318 ,348 ,526 ,270 ,141 ,"1,421 ","1,405 ","1,278 ",90 ,53 ,161 ,57 ,36 ,10 ,5 ,819 ,55 ,26 ,47 ,34 ,27 ,39 ,65 ,17 ,7
2021-11-23,"2,698 ","2,684 ",14 ,30 ,289 ,286 ,237 ,341 ,327 ,339 ,520 ,236 ,123 ,"1,380 ","1,318 ","1,165 ",56 ,50 ,131 ,55 ,68 ,7 ,8 ,773 ,66 ,20 ,76 ,42 ,20 ,51 ,80 ,29 ,1
2021-11-24,"4,115 ","4,087 ",28 ,34 ,299 ,390 ,363 ,530 ,487 ,565 ,873 ,409 ,199 ,"2,092 ","2,023 ","1,734 ",120 ,78 ,221 ,46 ,51 ,11 ,7 ,"1,184 ",65 ,40 ,291 ,34 ,52 ,65 ,87 ,22 ,7
2021-11-25,"3,937 ","3,916 ",21 ,39 ,293 ,407 ,350 ,504 ,470 ,538 ,831 ,353 ,191 ,"2,044 ","1,893 ","1,760 ",97 ,81 ,260 ,35 ,50 ,13 ,20 ,"1,101 ",87 ,39 ,111 ,35 ,42 ,98 ,74 ,29 ,5
2021-11-26,"3,895 ","3,877 ",18 ,39 ,318 ,391 ,373 ,458 ,466 ,542 ,767 ,364 ,216 ,"1,983 ","1,912 ","1,739 ",98 ,103 ,248 ,31 ,44 ,13 ,15 ,"1,119 ",52 ,25 ,87 ,46 ,38 ,115 ,86 ,32 ,4
2021-11-27,"4,067 ","4,044 ",23 ,52 ,340 ,441 ,375 ,449 ,510 ,538 ,809 ,406 ,199 ,"2,042 ","2,025 ","1,888 ",105 ,76 ,288 ,35 ,38 ,7 ,11 ,"1,109 ",93 ,39 ,78 ,50 ,36 ,96 ,86 ,27 ,5
2021-11-28,"3,925 ","3,890 ",35 ,56 ,348 ,393 ,336 ,451 ,417 ,461 ,778 ,438 ,303 ,"1,944 ","1,981 ","1,673 ",148 ,106 ,278 ,52 ,53 ,4 ,5 ,"1,090 ",63 ,25 ,121 ,45 ,25 ,103 ,89 ,35 ,10
2021-11-29,"3,307 ","3,284 ",23 ,32 ,335 ,307 ,286 ,370 ,359 ,417 ,663 ,366 ,204 ,"1,678 ","1,629 ","1,392 ",144 ,88 ,233 ,61 ,43 ,2 ,15 ,910 ,56 ,33 ,52 ,49 ,28 ,68 ,86 ,44 ,3
2021-11-30,"3,032 ","3,003 ",29 ,44 ,307 ,309 ,252 ,394 ,351 ,369 ,620 ,258 ,172 ,"1,530 ","1,502 ","1,186 ",79 ,78 ,192 ,52 ,43 ,3 ,22 ,909 ,84 ,59 ,81 ,50 ,36 ,68 ,60 ,22 ,8
2021-12-01,"5,122 ","5,074 ",48 ,34 ,416 ,522 ,467 ,604 ,584 ,722 ,980 ,524 ,303 ,"2,580 ","2,542 ","2,222 ",143 ,86 ,326 ,29 ,88 ,17 ,20 ,"1,582 ",105 ,48 ,96 ,50 ,40 ,97 ,126 ,27 ,20
2021-12-02,"5,263 ","5,239 ",24 ,47 ,425 ,552 ,520 ,625 ,600 ,677 ,"1,035 ",536 ,293 ,"2,689 ","2,574 ","2,267 ",158 ,70 ,355 ,39 ,166 ,18 ,8 ,"1,495 ",144 ,49 ,149 ,71 ,39 ,106 ,94 ,31 ,4
2021-12-03,"4,944 ","4,923 ",21 ,34 ,452 ,548 ,449 ,561 ,587 ,651 ,957 ,501 ,238 ,"2,458 ","2,486 ","2,099 ",141 ,99 ,307 ,45 ,97 ,20 ,7 ,"1,465 ",98 ,97 ,156 ,66 ,35 ,82 ,99 ,20 ,11
2021-12-04,"5,352 ","5,327 ",25 ,70 ,502 ,588 ,453 ,645 ,623 ,673 ,"1,061 ",535 ,272 ,"2,672 ","2,680 ","2,273 ",201 ,90 ,284 ,39 ,126 ,7 ,8 ,"1,675 ",114 ,56 ,133 ,65 ,52 ,90 ,114 ,21 ,4
2021-12-05,"5,125 ","5,102 ",23 ,43 ,483 ,556 ,444 ,582 ,580 ,655 ,"1,055 ",515 ,255 ,"2,538 ","2,587 ","2,031 ",207 ,117 ,337 ,40 ,141 ,16 ,16 ,"1,485 ",116 ,82 ,174 ,56 ,47 ,99 ,138 ,17 ,6
2021-12-06,"4,324 ","4,295 ",29 ,41 ,485 ,481 ,359 ,446 ,484 ,524 ,883 ,408 ,254 ,"2,125 ","2,199 ","1,408 ",193 ,146 ,302 ,43 ,105 ,15 ,13 ,"1,314 ",112 ,59 ,157 ,73 ,37 ,181 ,121 ,39 ,6
2021-12-07,"4,953 ","4,923 ",30 ,64 ,548 ,548 ,430 ,597 ,632 ,647 ,941 ,418 ,192 ,"2,599 ","2,354 ","2,119 ",160 ,129 ,251 ,47 ,121 ,14 ,11 ,"1,321 ",109 ,80 ,135 ,74 ,58 ,129 ,129 ,61 ,5
2021-12-08,"7,173 ","7,139 ",34 ,63 ,664 ,728 ,600 ,858 ,940 ,935 ,"1,505 ",665 ,278 ,"3,617 ","3,556 ","2,900 ",253 ,127 ,433 ,57 ,185 ,26 ,16 ,"2,268 ",143 ,61 ,202 ,103 ,54 ,131 ,156 ,51 ,7
2021-12-09,"7,102 ","7,082 ",20 ,57 ,683 ,728 ,682 ,884 ,899 ,906 ,"1,404 ",635 ,281 ,"3,552 ","3,550 ","2,790 ",252 ,132 ,497 ,36 ,167 ,49 ,16 ,"2,141 ",139 ,92 ,208 ,125 ,69 ,143 ,193 ,48 ,5
2021-12-10,"7,020 ","6,981 ",39 ,53 ,725 ,758 ,632 ,811 ,888 ,916 ,"1,403 ",615 ,272 ,"3,369 ","3,651 ","2,798 ",303 ,163 ,465 ,35 ,157 ,43 ,10 ,"2,030 ",152 ,94 ,160 ,97 ,69 ,183 ,206 ,47 ,8
2021-12-11,"6,973 ","6,947 ",26 ,80 ,730 ,708 ,604 ,850 ,861 ,929 ,"1,427 ",585 ,279 ,"3,439 ","3,534 ","2,834 ",319 ,143 ,464 ,25 ,118 ,34 ,7 ,"2,058 ",170 ,80 ,163 ,104 ,75 ,138 ,193 ,46 ,2
2021-12-12,"6,683 ","6,655 ",28 ,42 ,628 ,661 ,591 ,802 ,846 ,903 ,"1,375 ",596 ,281 ,"3,288 ","3,395 ","2,527 ",328 ,137 ,458 ,71 ,115 ,50 ,15 ,"2,015 ",123 ,90 ,202 ,88 ,80 ,147 ,198 ,32 ,7
2021-12-13,"5,816 ","5,781 ",35 ,40 ,614 ,546 ,513 ,674 ,782 ,794 ,"1,187 ",498 ,208 ,"2,982 ","2,834 ","2,550 ",241 ,144 ,389 ,37 ,78 ,39 ,12 ,"1,367 ",111 ,76 ,184 ,81 ,83 ,163 ,218 ,36 ,7
2021-12-14,"5,567 ","5,525 ",42 ,94 ,647 ,585 ,532 ,638 ,747 ,756 ,"1,035 ",426 ,201 ,"2,843 ","2,724 ","2,062 ",206 ,130 ,348 ,71 ,151 ,85 ,20 ,"1,497 ",132 ,86 ,203 ,117 ,58 ,166 ,181 ,39 ,15
2021-12-15,"7,848 ","7,825 ",23 ,70 ,852 ,744 ,762 ,984 ,"1,030 ","1,091 ","1,495 ",611 ,279 ,"4,018 ","3,830 ","3,165 ",343 ,178 ,476 ,59 ,164 ,59 ,26 ,"2,298 ",160 ,105 ,210 ,120 ,60 ,193 ,195 ,33 ,4 
2021-12-16,"7,619 ","7,588 ",31 ,62 ,785 ,738 ,770 ,990 ,"1,045 ","1,054 ","1,505 ",527 ,205 ,"3,815 ","3,804 ","3,054 ",346 ,158 ,511 ,44 ,129 ,76 ,28 ,"2,152 ",148 ,149 ,177 ,150 ,58 ,208 ,199 ,29 ,3 
2021-12-17,"7,434 ","7,399 ",35 ,73 ,889 ,702 ,764 ,947 ,"1,003 ","1,003 ","1,350 ",578 ,198 ,"3,675 ","3,759 ","2,846 ",388 ,159 ,572 ,42 ,162 ,57 ,25 ,"2,153 ",134 ,128 ,203 ,122 ,60 ,169 ,171 ,35 ,8 
2021-12-18,"7,310 ","7,281 ",29 ,53 ,893 ,721 ,772 ,900 ,992 ,924 ,"1,400 ",525 ,183 ,"3,663 ","3,647 ","2,793 ",362 ,215 ,600 ,57 ,120 ,46 ,43 ,"2,040 ",126 ,127 ,240 ,110 ,44 ,138 ,211 ,30 ,8 
2021-12-19,"6,233 ","6,170 ",63 ,78 ,785 ,631 ,647 ,783 ,855 ,840 ,"1,102 ",421 ,169 ,"3,185 ","3,048 ","2,318 ",363 ,152 ,493 ,29 ,149 ,39 ,23 ,"1,753 ",100 ,92 ,207 ,92 ,43 ,137 ,215 ,22 ,6
2021-12-20,"5,316 ","5,256 ",60 ,54 ,732 ,547 ,525 ,694 ,711 ,700 ,929 ,330 ,148 ,"2,685 ","2,631 ","1,906 ",365 ,111 ,375 ,52 ,112 ,36 ,16 ,"1,488 ",130 ,68 ,185 ,100 ,56 ,117 ,156 ,30 ,13 
2021-12-21,"5,194 ","5,136 ",58 ,52 ,699 ,567 ,495 ,685 ,756 ,716 ,873 ,290 ,113 ,"2,612 ","2,582 ","1,994 ",234 ,138 ,383 ,76 ,126 ,35 ,20 ,"1,313 ",117 ,89 ,161 ,140 ,41 ,107 ,184 ,26 ,10 
2021-12-22,"7,454 ","7,363 ",91 ,78 ,878 ,804 ,788 ,"1,044 ","1,033 ","1,006 ","1,265 ",438 ,198 ,"3,741 ","3,713 ","2,805 ",431 ,133 ,479 ,106 ,156 ,39 ,47 ,"2,225 ",130 ,123 ,165 ,135 ,47 ,139 ,252 ,37 ,5
2021-12-23,"6,916 ","6,855 ",61 ,109 ,828 ,752 ,709 ,941 ,994 ,925 ,"1,161 ",403 ,203 ,"3,492 ","3,424 ","2,719 ",432 ,168 ,422 ,66 ,133 ,44 ,19 ,"1,949 ",120 ,85 ,183 ,149 ,69 ,134 ,201 ,17 ,6 
2021-12-24,"6,233 ","6,163 ",70 ,56 ,761 ,721 ,679 ,856 ,898 ,800 ,"1,012 ",349 ,157 ,"3,111 ","3,122 ","2,346 ",421 ,151 ,438 ,54 ,81 ,43 ,36 ,"1,668 ",130 ,91 ,180 ,118 ,69 ,144 ,230 ,25 ,8 
2021-12-25,"5,839 ","5,765 ",74 ,105 ,760 ,660 ,674 ,765 ,812 ,826 ,883 ,322 ,137 ,"2,924 ","2,915 ","2,121 ",341 ,103 ,400 ,78 ,104 ,63 ,21 ,"1,680 ",147 ,83 ,161 ,115 ,53 ,128 ,213 ,15 ,13 
2021-12-26,"5,416 ","5,336 ",80 ,69 ,717 ,623 ,561 ,733 ,772 ,732 ,847 ,278 ,153 ,"2,759 ","2,657 ","1,915 ",371 ,120 ,327 ,67 ,84 ,53 ,12 ,"1,653 ",107 ,80 ,117 ,98 ,48 ,130 ,201 ,28 ,5 
2021-12-27,"4,205 ","4,122 ",83 ,55 ,640 ,484 ,452 ,597 ,619 ,547 ,586 ,193 ,87 ,"2,165 ","2,040 ","1,496 ",270 ,130 ,234 ,60 ,40 ,42 ,10 ,"1,172 ",120 ,63 ,148 ,89 ,30 ,71 ,200 ,16 ,14 
2021-12-28,"3,865 ","3,777 ",88 ,46 ,589 ,461 ,423 ,554 ,591 ,480 ,526 ,159 ,82 ,"1,909 ","1,956 ","1,290 ",237 ,149 ,241 ,70 ,80 ,39 ,18 ,"1,063 ",79 ,65 ,128 ,90 ,38 ,86 ,176 ,6 ,10 
2021-12-29,"5,408 ","5,282 ",126 ,36 ,615 ,646 ,648 ,807 ,802 ,718 ,756 ,263 ,153 ,"2,656 ","2,752 ","1,914 ",296 ,139 ,314 ,80 ,79 ,49 ,21 ,"1,633 ",87 ,101 ,119 ,109 ,39 ,104 ,265 ,33 ,26 
2021-12-30,"5,035 ","4,930 ",105 ,73 ,682 ,560 ,662 ,710 ,738 ,684 ,654 ,234 ,111 ,"2,503 ","2,532 ","1,721 ",256 ,117 ,318 ,102 ,90 ,40 ,21 ,"1,465 ",91 ,80 ,123 ,230 ,48 ,82 ,197 ,21 ,33 
2021-12-31,"4,874 ","4,757 ",117 ,108 ,687 ,613 ,586 ,698 ,725 ,625 ,623 ,209 ,108 ,"2,475 ","2,399 ","1,669 ",260 ,132 ,304 ,85 ,71 ,40 ,17 ,"1,476 ",72 ,74 ,137 ,99 ,60 ,105 ,231 ,16 ,26 
2022-01-01,"4,415 ","4,310 ",105 ,62 ,679 ,472 ,505 ,648 ,664 ,593 ,563 ,186 ,105 ,"2,162 ","2,253 ","1,464 ",212 ,125 ,241 ,92 ,65 ,50 ,16 ,"1,391 ",59 ,104 ,138 ,85 ,48 ,116 ,162 ,23 ,24 
2022-01-02,"3,833 ","3,683 ",150 ,69 ,520 ,465 ,480 ,582 ,595 ,498 ,458 ,156 ,79 ,"1,901 ","1,932 ","1,183 ",216 ,86 ,233 ,93 ,59 ,58 ,12 ,"1,277 ",59 ,50 ,101 ,79 ,42 ,94 ,141 ,19 ,31 
